Address,Address_target_enc
ambathale,14.310522078911273
angampitiya,14.37301207919221
arangala,14.672929650728184
asiri uyana,14.275411080422874
athurugiriya,14.178314419311546
atigala,13.531071050753356
attidiya,14.619877215361289
avissawella,13.194601094064847
batakettara,14.244563325222545
battaramulla,15.01665842529907
belagama,14.198730812250997
bellanvila,14.562317953771883
beruketiya,13.545170780823154
bokundara,14.056878928434376
bomiriya,14.184201797798893
bopetta,14.283632431963321
boralesgamuwa,14.627180747589914
boralugoda,14.119320936813004
borella,15.185465341349113
borupana,14.342795314006617
dampe,14.099821183516577
dedigamuwa,14.227843067353371
dehiwala,15.273493537553167
dematagoda,14.684676046932152
depanama,14.612628585142787
diddeniya,14.208966761464438
divulpitiya,14.393802893951277
diyagama,13.550670760639022
dutugemunu,14.473176095859772
egodawatta,14.435463066926058
ethulkotte,14.79508725973252
fort,14.095949168966326
galavilawatta,14.33959071860868
galwala,14.375887259004235
gangodavila,14.389429963001234
godagama,13.860062607934827
gorakapitiya,14.302817934475975
gothatuwa,14.438265506219565
grandpass,14.641002727030777
habarakada,13.634196100730222
halpita,13.764169754818314
hanwella,13.328975647946391
havelock town,15.480570728660357
henawatta,14.252212859886606
henpita,13.623854200640407
hewagama,14.23335439660941
himbutana,14.259041577261947
hokandara,14.264308241087303
homagama,13.82292439967243
honnanthara,14.181733050462531
idama,14.231666664362086
jalthara,14.221975929068135
jambugasmulla,14.622549984598972
kaduwela,13.043329752170067
kahapola,14.251244289950941
kahathuduwa,13.705379240162952
kajugahawatta,14.255804698258379
kalalgoda,14.404602557882585
kalapaluwawa,14.433949971070575
kaldemulla,14.322416814654703
kalu aggala,13.696812406839616
kalubovila,15.087861588294212
karagampitiya,14.398961694530778
katubedda,14.528538770460443
katuwana,14.236257361568821
katuwawala,14.392673288659367
kawdana,14.522840072602374
kelanimulla,14.256793406545965
kesbewa,14.032453610744925
kirigampamunuwa,14.145457434450524
kiriwattuduwa,13.840107201949849
kirulapone,14.786865183955221
kohuwala,15.0354733501905
kolamunna,14.033234652762253
kolonnawa,14.490792415248908
koralawella,14.3731882680845
kosgama,13.913716348320488
koswatta,15.211851275050831
kotahena,14.411016069220848
kothalawala,13.96247348712183
kotikawatta,14.316700504316772
kottawa,14.336647928367027
kotuvila,14.252564314215517
kudamaduwa,14.093189559703909
kumaragewatta,14.430799703527393
kurunduwatta,14.14165766460894
lakshapathiya,14.304054811935593
liyanagoda,14.290856447404273
madampitiya,14.397680216566231
madapatha,14.23310059859271
madiwela,14.657743366513992
madulawa,14.181404374283733
magammana,14.123980816687885
mahadeniya,14.110480869051953
mahalwarawa,14.353694851069127
maharagama,14.666015607657775
mahawatta,14.28498930911904
makuludoowa,14.392186378256831
makumbura,14.42584262062085
malabe,14.404772798349311
malapalla,14.233219983111118
maligagodella,14.23264899400809
malwatta,14.539504711409863
maradana,14.747463101822001
mattakkuliya,14.66889758166693
mattegoda,14.166535503262132
mawathgama,14.24812884474557
meegoda,13.239539088810536
mirihana,14.886101366199197
molpe,14.31980678659687
moratuwella,14.13081956284512
mount lavinia,15.006788602969214
mullegama,14.182656406093672
mulleriyawa,14.189946075348798
narahenpita,14.763034684095887
navinna,14.576722472699718
nawagamuwa,12.766260514655439
nawala,15.361276959110013
nawalamulla,14.164829687302467
nedimala,14.571364846911159
neelammahara,14.44068776066529
nugegoda,15.079251957431376
oruwala,14.27127209989477
padukka,13.03761910654891
pagoda,14.367068191986498
pahalawela,14.637925627628714
pahathgama,13.83292750342801
paligedara,14.271278137324988
pamunuwa,14.487900174834452
panagoda,13.614892095521672
pannipitiya,14.435657442938501
pathiragoda,14.408607140263017
pepiliyana,14.842093007476972
piriwena,14.47104640119694
pitakotte,15.016006122636911
pitipana,13.384127721849385
polwatta,14.525978699934326
pore,14.545153155843252
pothuarawa,14.32769459311087
rajagiriya,14.967653237406841
ranala,14.024297613149097
rathmalana,14.702434773929955
rathmaldeniya,14.330242642453442
rattanapitiya,14.710222862256861
rilawala,13.908351246449378
rukmale,14.29298272547198
salamulla,14.384863153543414
sedawatta,14.346197146883304
shanthalokagama,14.061808967145073
siddamulla,14.258550938152215
siyambalagoda,14.230386144568863
sri saranankara,14.451506872355875
subhoothipura,14.864920287022729
suwarapola,14.292500728850762
thalahena,14.537384709602035
thalangama,14.552229682900128
thalapathpitiya,14.521030626970088
thalawathugoda,14.65206690034625
thaldiyawala,14.152989072741942
thelawala,14.328867013539757
thumbovila,14.134415734012421
thummodara,14.152690469791144
thunadahena,14.01882650485978
thunnana,14.15896254901723
udahamulla,14.58037877749431
udumulla,14.383680557043988
uduwana,14.116202878271114
udyanaya,14.413996962204756
uyana,14.470170093758478
vihara,14.58298051466347
walawwatta,14.691659515019671
walpola,14.28498930911904
watarappala,14.586662708641345
watareka,13.31332858469809
wattegedara,14.649068819427487
wedikanda,14.354739777525909
welipillewa,14.175537235998501
welivita,14.367266955489669
wellampitiya,14.471947785825156
wellawatta,15.056086948358864
weniwelkola,14.015432501197175
wennawatta,14.306360830138054
weragala,14.304054811935593
werahera,14.315577694266421
wewala,14.19451723490416
wickramasinghapura,14.365786490398262
wijerama,14.591410545006708
