Address,Land_size_Perches_,Distance_from_fort,count_govtschools_A,min_dist_govtschools_a,count_semigovtschools,min_dist_semigovtschools,count_intlschools,min_dist_intlschools,count_uni,min_dist_uni,min_dist_nearest_express,min_dist_nearest_railway,min_dist_nearest_bank,count_banks_within_2km,min_dist_nearest_FinanceCompany,count_FinanceCompanies_within_2km,min_dist_nearest_Govt_Hospital,count_Govt_Hospitals,min_dist_nearest_Pvt_Hospital,count_Pvt_Hospital,min_dist_nearest_Pvt_Med_center,count_Pvt_Med_Centers,min_dist_nearest_Fuel_station,count_Fuel_Stations_within2km,elevation_m,water_occurrence_pct,dist_to_stream_km,dist_to_kelani_km,hand_m,sar_flood_open_land,ndvi,total_amenity_count,min_dist_any_amenity,school_count_total,health_count_total,finance_count_total,Land_type_Agricultural,Land_type_Agricultural_Commercial,Land_type_Agricultural_Commercial_Residential,Land_type_Agricultural_Commercial_Residential_Other,Land_type_Agricultural_Residential,Land_type_Agricultural_Residential_Other,Land_type_Commercial,Land_type_Commercial_Other,Land_type_Commercial_Residential,Land_type_Commercial_Residential_Other,Land_type_Other,Land_type_Residential,Land_type_Residential_Other,listing_count
ambathale,10.0,10.529813,1.0,1.864817,0.0,7.023098,0.0,3.673965,0.0,4.44524,3.730163,5.312258,2.570338,0.0,4.03179,0.0,1.900761,1.0,5.311758,0.0,4.908898,0.0,2.614469,0.0,8.606,3.1949,0.3995,0.3995,4.769693,0.003177,0.59551,2.0,1.864817,1.0,1.0,0.0,0.0,0.0,0.0,0.0,0.0,0.0,0.0,0.0,1.0,0.0,0.0,0.0,0.0,3
angampitiya,7.0,31.948713,0.0,2.55381,0.0,27.838974,0.0,19.027149,0.0,10.437666,15.310081,3.096592,3.01123,0.0,8.034257,0.0,3.309063,0.0,15.60054,0.0,16.854556,0.0,2.949232,0.0,39.466,0.0,1.4475,7.8924,19.520002,0.0,0.78725,0.0,2.55381,0.0,0.0,0.0,0.0,0.0,0.0,0.0,0.0,0.0,0.0,0.0,0.0,0.0,0.0,1.0,0.0,1
arangala,7.5,14.18609,0.0,2.03787,0.0,10.12446,0.0,3.734869,0.0,5.68653,1.55425,5.540328,1.99902,1.0,1.978468,1.0,4.274633,0.0,2.967828,0.0,3.58556,0.0,0.633476,1.0,20.051,0.0377,0.3926,5.7937,10.263488,0.000264,0.61572,3.0,0.633476,0.0,0.0,2.0,0.0,0.0,0.0,0.0,0.0,0.0,0.0,0.0,0.0,0.0,0.0,1.0,0.0,20
asiri uyana,11.0,10.324642,1.0,1.055997,0.0,6.338895,1.0,0.246351,0.0,3.555962,5.451571,4.860533,1.241388,2.0,3.480609,0.0,1.29435,1.0,2.249072,0.0,1.372049,1.0,3.632464,0.0,10.943,0.1215,0.3091,5.1246,8.103612,2.8e-05,0.5309,6.0,0.246351,2.0,2.0,2.0,0.0,0.0,0.0,0.0,0.0,0.0,0.0,0.0,0.0,0.0,0.0,1.0,0.0,1
athurugiriya,8.0,18.428439,2.0,1.40383,0.0,14.152027,0.0,6.735025,0.0,4.06318,2.789174,2.657033,1.366331,2.0,0.550001,1.0,2.548391,0.0,6.659279,0.0,7.268915,0.0,0.536801,1.0,20.649,0.0,0.4023,6.6643,7.442168,0.015097,0.66591,6.0,0.536801,2.0,0.0,3.0,0.0,0.0,0.0,0.0,0.0,0.0,0.0,0.0,0.0,0.0,0.0,0.0,0.0,518
atigala,6.0,24.312926,0.0,2.598645,0.0,20.383116,0.0,11.010494,0.0,6.93889,9.261732,6.822776,2.173713,0.0,2.488877,0.0,5.856993,0.0,7.615936,0.0,8.474532,0.0,6.766767,0.0,15.304,0.0411,0.8797,1.2344,6.222679,0.032937,0.72851,0.0,2.173713,0.0,0.0,0.0,0.0,0.0,0.0,0.0,0.0,0.0,0.0,0.0,0.0,0.0,0.0,1.0,0.0,15
attidiya,8.7,12.276989,4.0,0.411249,0.0,5.212015,0.0,3.70605,2.0,1.528056,10.64921,3.338421,0.924544,8.0,0.492067,1.0,4.044356,0.0,4.355938,0.0,1.697325,1.0,0.109969,1.0,6.783,0.0275,1.0494,13.0873,3.295917,2.1e-05,0.52864,17.0,0.109969,4.0,1.0,9.0,0.0,0.0,0.0,0.0,0.0,0.0,0.0,0.0,0.0,0.0,0.0,0.0,0.0,6
avissawella,10.0,40.57376,3.0,0.690953,0.0,36.88753,0.0,25.59335,0.0,23.84662,25.598342,3.370998,0.454941,6.0,0.178962,6.0,0.242711,1.0,0.107977,1.0,21.279181,0.0,0.208627,1.0,49.972,0.0017,0.856,2.6613,24.127284,0.0,0.70942,18.0,0.107977,3.0,2.0,12.0,0.0,0.0,0.0,0.0,0.0,0.0,0.0,0.0,0.0,0.0,0.0,0.0,0.0,53
batakettara,7.8,19.070736,4.0,0.317531,0.0,12.143929,0.0,5.763593,0.0,3.080977,6.18788,4.758657,2.197182,0.0,2.320468,0.0,5.656351,0.0,7.067147,0.0,5.029768,0.0,2.311005,0.0,15.378,0.0,0.8113,17.5384,11.286132,0.0,0.62418,4.0,0.317531,4.0,0.0,0.0,0.0,0.0,0.0,0.0,0.0,0.0,0.0,0.0,0.0,0.0,0.0,0.0,1.0,1
battaramulla,14.0,9.532411,2.0,0.345648,0.0,5.608921,1.0,0.99881,0.0,3.103919,6.233595,4.452981,0.547605,2.0,3.094102,0.0,1.225519,1.0,2.896881,0.0,0.599007,1.0,2.840375,0.0,8.31,5.0089,0.3893,5.1265,5.952793,0.000433,0.52529,7.0,0.345648,3.0,2.0,2.0,0.0,0.0,0.0,0.0,0.0,0.0,0.0,0.0,0.0,0.0,0.0,0.0,0.0,231
belagama,10.0,8.777237,3.0,0.84244,0.0,5.178581,0.0,4.380036,0.0,4.427143,4.948708,4.255663,1.586559,3.0,3.203877,0.0,1.302985,2.0,4.347203,0.0,3.122503,0.0,2.164001,0.0,9.167,0.0249,0.1439,1.3583,5.079435,0.0,0.55995,8.0,0.84244,3.0,2.0,3.0,0.0,0.0,0.0,0.0,0.0,0.0,0.0,0.0,0.0,0.0,0.0,1.0,0.0,20
bellanvila,8.0,10.705908,5.0,0.927584,0.0,3.890466,0.0,2.516857,0.0,3.130838,10.230165,2.708784,1.047069,3.0,1.625605,1.0,2.552407,0.0,2.409418,0.0,2.094412,0.0,1.849509,1.0,8.869,1.5256,0.2742,11.1442,5.769459,0.000399,0.53017,10.0,0.927584,5.0,0.0,4.0,0.0,0.0,0.0,0.0,0.0,0.0,0.0,0.0,0.0,0.0,0.0,0.0,0.0,11
beruketiya,8.0,27.269671,0.0,2.243679,0.0,22.241833,0.0,16.398166,0.0,5.712826,7.995972,6.457994,4.850976,0.0,6.887777,0.0,6.122883,0.0,8.789543,0.0,11.494202,0.0,6.352917,0.0,41.821,0.0002,2.618,11.883,10.319921,0.0,0.76264,0.0,2.243679,0.0,0.0,0.0,0.0,0.0,0.0,0.0,0.0,0.0,0.0,0.0,0.0,0.0,0.0,0.0,0.0,23
bokundara,8.0,15.459311,2.0,1.550748,0.0,8.82015,0.0,7.016508,0.0,2.980469,7.135635,3.528852,0.470002,3.0,1.620059,1.0,2.342727,0.0,3.283137,0.0,3.342197,0.0,3.105528,0.0,9.969,0.0114,0.4369,13.7418,6.613081,0.0,0.6387,6.0,0.470002,2.0,0.0,4.0,0.0,0.0,0.0,1.0,0.0,0.0,0.0,0.0,0.0,0.0,0.0,0.0,0.0,40
bomiriya,6.0,17.382963,4.0,0.37831,0.0,13.636226,0.0,4.340758,0.0,10.068776,2.489399,9.619055,1.569086,2.0,2.012455,0.0,1.812339,2.0,2.456886,0.0,3.542237,0.0,2.093469,0.0,14.458,0.0789,0.4127,1.1349,9.048609,0.026079,0.65789,8.0,0.37831,4.0,2.0,2.0,0.0,0.0,0.0,0.0,0.0,1.0,0.0,0.0,0.0,0.0,0.0,0.0,0.0,1
bopetta,4.5,6.768819,5.0,0.501478,0.0,3.186941,0.0,3.337727,0.0,4.768629,4.189633,2.857411,1.087033,4.0,1.188826,1.0,1.831949,2.0,3.557539,0.0,1.119098,2.0,2.754249,0.0,6.277,0.0215,0.1081,1.6227,4.428836,0.001915,0.48949,14.0,0.501478,5.0,4.0,5.0,0.0,0.0,0.0,0.0,0.0,0.0,0.0,0.0,1.0,0.0,0.0,0.0,0.0,1
boralesgamuwa,9.7,12.313058,3.0,1.131922,0.0,5.693027,0.0,3.888537,0.0,2.337451,8.627826,2.873328,0.338453,3.0,0.220215,1.0,1.995044,1.0,2.495366,0.0,1.859565,1.0,2.090203,0.0,7.353,0.5019,0.418,11.9335,5.625557,0.00039,0.55076,9.0,0.220215,3.0,2.0,4.0,0.0,0.0,0.0,0.0,0.0,0.0,0.0,0.0,0.0,0.0,0.0,1.0,0.0,145
boralugoda,11.0,16.473778,0.0,2.5542,0.0,12.187659,0.0,5.404497,0.0,5.889537,1.137753,3.406858,0.841554,2.0,1.652454,1.0,3.3035,0.0,4.71397,0.0,5.331926,0.0,2.032401,0.0,22.54,0.0,1.8298,6.8573,10.663114,0.000589,0.67699,3.0,0.841554,0.0,0.0,3.0,0.0,0.0,0.0,1.0,0.0,0.0,0.0,0.0,0.0,0.0,0.0,0.0,0.0,12
borella,16.0,4.404196,29.0,0.560043,1.0,0.634054,2.0,1.262774,0.0,2.072608,5.911855,2.112772,0.282724,19.0,0.449648,11.0,0.440777,7.0,0.97575,1.0,0.637947,13.0,2.288226,0.0,9.138,0.0145,0.2546,3.9805,3.722017,0.0,0.43737,83.0,0.282724,32.0,21.0,30.0,0.0,0.0,0.0,0.0,0.0,0.0,0.0,0.0,0.0,0.0,0.0,0.0,0.0,17
borupana,11.9,14.420885,2.0,1.027653,0.0,7.350344,0.0,5.82199,2.0,0.560677,10.255855,4.416459,0.684876,6.0,1.742677,1.0,4.22535,0.0,5.25132,0.0,1.067413,1.0,2.203572,0.0,7.23,0.2505,0.4159,14.9784,2.628914,0.002117,0.4628,12.0,0.560677,2.0,1.0,7.0,0.0,0.0,0.0,0.0,0.0,0.0,0.0,0.0,0.0,0.5,0.0,0.5,0.0,2
dampe,30.5,22.016338,3.0,1.397729,0.0,16.004695,0.0,10.510031,0.0,7.345536,0.982598,6.0077,4.217687,0.0,4.337005,0.0,1.247937,1.0,8.385824,0.0,8.524885,0.0,4.911845,0.0,12.236,0.0,0.0806,15.0069,5.944269,0.0,0.71986,4.0,0.982598,3.0,1.0,0.0,0.0,0.0,0.0,0.0,0.0,0.0,0.0,0.0,0.5,0.0,0.0,0.5,0.0,2
dedigamuwa,7.0,20.581557,0.0,2.043354,0.0,16.639101,0.0,7.355122,0.0,5.864668,5.694421,6.245337,4.677472,0.0,3.063216,0.0,3.049876,0.0,5.779272,0.0,6.945038,0.0,3.245398,0.0,24.205,0.08,0.8334,2.7846,14.899932,0.096852,0.73044,0.0,2.043354,0.0,0.0,0.0,0.0,0.0,0.0,0.0,0.0,0.0,0.0,0.0,0.0,0.0,0.0,1.0,0.0,1
dehiwala,14.0,8.773103,8.0,0.170138,2.0,1.684429,1.0,0.109312,0.0,3.684536,12.598402,0.826249,0.323314,8.0,0.140293,4.0,1.63751,1.0,2.062143,0.0,1.189198,1.0,1.01158,1.0,11.441,15.6461,0.6392,10.6866,6.774591,5.6e-05,0.31575,26.0,0.109312,11.0,2.0,12.0,0.0,0.0,0.0,0.0,0.0,0.0,0.0,0.0,0.0,0.0,0.0,0.0,0.0,139
dematagoda,9.43,4.055071,30.0,0.667568,2.0,1.498352,0.0,3.190958,0.0,3.460315,3.943633,0.205585,0.409754,16.0,0.108229,12.0,1.665889,1.0,1.800106,1.0,0.33473,6.0,0.494703,1.0,7.358,0.0268,0.1878,2.0957,3.604594,0.0,0.39357,69.0,0.108229,32.0,8.0,28.0,0.0,0.0,0.0,0.0,0.0,0.0,0.0,0.0,1.0,0.0,0.0,0.0,0.0,5
depanama,6.0,14.217289,3.0,0.244287,0.0,9.242126,0.0,4.334684,0.0,2.280686,4.129663,2.584133,2.421478,0.0,1.408786,2.0,2.665769,0.0,2.333633,0.0,2.390796,0.0,2.803241,0.0,17.686,0.0,0.2454,8.8834,10.567006,0.0,0.62341,5.0,0.244287,3.0,0.0,2.0,0.0,0.0,0.0,0.0,0.0,0.0,0.0,0.0,0.0,0.0,0.0,0.0,1.0,41
diddeniya,10.0,29.672274,1.0,0.693278,0.0,25.735139,0.0,16.376014,0.0,10.224834,14.478759,5.046662,3.003486,0.0,3.759424,0.0,5.391074,0.0,12.334721,0.0,12.920295,0.0,5.26622,0.0,54.484,0.0,1.0079,3.4175,23.624041,0.0,0.79912,1.0,0.693278,1.0,0.0,0.0,0.0,0.0,0.0,0.0,0.0,0.0,0.0,0.0,0.0,0.0,0.0,1.0,0.0,1
divulpitiya,13.0,10.742559,4.0,0.467032,0.0,4.201386,0.0,2.335791,0.0,3.354231,9.577547,2.368648,1.241113,8.0,1.354598,4.0,2.717588,0.0,2.068368,0.0,2.012695,0.0,2.231482,0.0,8.776,1.3565,0.3058,10.7248,6.491591,0.000401,0.50589,16.0,0.467032,4.0,0.0,12.0,0.0,0.0,0.0,0.0,0.0,0.0,0.0,0.0,0.0,0.0,0.0,0.5,0.5,4
diyagama,6.1,22.132111,0.0,2.457979,0.0,16.575884,0.0,12.240299,0.0,5.244435,3.046948,4.475172,3.816263,0.0,3.778085,0.0,3.376079,0.0,8.699017,0.0,9.147794,0.0,3.105317,0.0,18.467,0.0008,0.4581,12.9524,7.64756,1.1e-05,0.72697,0.0,2.457979,0.0,0.0,0.0,0.0,0.0,0.0,0.0,0.0,0.0,0.0,0.0,0.0,0.0,0.0,1.0,0.0,89
dutugemunu,12.325,8.402353,13.0,0.263055,0.0,2.119417,1.0,0.573147,1.0,1.957284,10.611834,1.121839,0.216339,17.0,0.131488,5.0,0.600086,1.0,1.047059,1.0,0.383779,2.0,0.644228,2.0,15.409,0.0,0.868,9.0556,7.967929,0.0,0.43375,43.0,0.131488,14.0,4.0,22.0,0.0,0.0,0.0,0.0,0.0,0.0,0.0,0.0,0.0,0.0,0.0,0.5,0.0,4
egodawatta,16.0,11.793165,5.0,1.13816,0.0,5.611607,0.0,3.390277,0.0,2.777481,8.061258,2.080168,0.891971,9.0,1.181938,2.0,1.811346,1.0,1.650873,1.0,0.998895,4.0,3.172077,0.0,12.78,0.2493,0.2961,10.7263,8.128377,0.001181,0.53591,22.0,0.891971,5.0,6.0,11.0,0.0,0.0,0.0,0.0,0.0,0.0,0.0,0.0,0.0,0.0,0.0,0.0,0.0,5
ethulkotte,10.0,7.949249,6.0,1.475374,0.0,3.955142,1.0,0.878682,0.0,2.131866,7.905681,3.148855,1.244271,7.0,1.39035,1.0,2.606237,0.0,2.665674,0.0,1.313533,2.0,1.392917,1.0,7.184,6.5589,0.4744,5.3389,5.838584,0.000137,0.5428,18.0,0.878682,7.0,2.0,8.0,0.0,0.0,0.0,0.0,0.0,0.0,0.0,0.0,0.0,1.0,0.0,0.0,0.0,13
fort,12.5,1.471276,0.0,2.386588,0.0,3.629255,0.0,5.10525,0.0,4.819872,6.94736,1.971218,1.337677,13.0,1.717273,1.0,4.326067,0.0,4.74593,0.0,1.266292,2.0,4.712563,0.0,2.917,70.0773,1.4891,5.0615,0.608918,0.0,0.03176,16.0,1.266292,0.0,2.0,14.0,0.0,0.0,0.0,0.0,0.0,0.0,0.0,0.0,1.0,0.0,0.0,0.0,0.0,1
galavilawatta,15.0,19.568293,6.0,0.893727,0.0,14.708261,0.0,9.20239,0.0,3.432738,1.464989,0.649769,0.280112,4.0,0.187361,3.0,0.759594,1.0,7.139161,0.0,7.575272,0.0,1.355749,1.0,24.987,0.0,0.5307,9.8428,9.674578,0.0,0.62908,15.0,0.187361,6.0,1.0,7.0,0.0,0.0,0.0,0.0,0.0,0.0,0.0,0.0,0.0,0.0,0.0,1.0,0.0,4
galwala,19.5,8.494203,9.0,0.721242,2.0,1.40726,1.0,0.46328,0.0,3.131713,12.136111,1.377397,0.821447,11.0,0.511239,6.0,1.076117,1.0,1.732097,1.0,1.637465,2.0,0.871421,1.0,11.894,0.0,0.1337,10.1667,6.137956,0.0,0.39343,34.0,0.46328,12.0,4.0,17.0,0.0,0.0,0.0,0.0,0.0,0.0,0.0,0.0,0.0,0.0,0.0,1.0,0.0,1
gangodavila,19.25,10.270476,7.0,0.84171,0.0,4.618248,0.0,2.097938,0.0,2.015364,8.349399,1.728553,0.13502,11.0,0.49197,4.0,2.459487,0.0,1.564737,1.0,0.963187,2.0,1.972583,1.0,14.795,0.0886,0.2188,9.2938,7.978177,0.0,0.4834,26.0,0.13502,7.0,3.0,15.0,0.0,0.0,0.0,0.0,0.0,0.0,0.0,0.0,1.0,0.0,0.0,0.0,0.0,2
godagama,8.5,22.826753,4.0,0.194269,0.0,18.375464,0.0,10.893274,1.0,0.95357,5.758258,3.086117,1.753776,1.0,3.190547,0.0,4.370826,0.0,10.872515,0.0,11.448935,0.0,3.577603,0.0,28.0,0.0,1.2714,6.9697,10.096569,0.0,0.66736,6.0,0.194269,4.0,0.0,1.0,0.0,0.0,0.0,0.0,0.0,0.0,0.0,0.0,0.0,0.0,0.0,1.0,0.0,38
gorakapitiya,10.0,17.629011,1.0,0.8572,0.0,11.470703,0.0,9.012108,0.0,3.796666,4.54906,4.489267,2.363937,0.0,3.229664,0.0,4.116222,0.0,4.065845,0.0,4.437989,0.0,2.232075,0.0,17.247,0.0,0.1558,13.8006,8.379237,0.0,0.64715,1.0,0.8572,1.0,0.0,0.0,0.0,0.0,0.0,0.0,0.0,0.0,0.0,0.0,1.0,0.0,0.0,0.0,0.0,1
gothatuwa,9.75,7.143345,4.0,0.335729,0.0,3.304948,0.0,2.577111,0.0,4.985055,5.107193,3.419665,0.736047,4.0,1.747146,1.0,1.216016,2.0,3.919726,0.0,1.732874,1.0,2.05703,0.0,8.821,0.0843,0.7271,2.4741,6.754996,8.1e-05,0.55404,12.0,0.335729,4.0,3.0,5.0,0.0,0.0,0.0,0.0,0.0,0.0,0.0,0.0,0.0,0.0,0.0,0.0,0.0,6
grandpass,49.5,3.652811,32.0,0.203373,0.0,2.134919,0.0,3.974726,0.0,3.467894,3.439302,0.884078,0.454776,21.0,0.4537,16.0,2.588711,0.0,2.504502,0.0,1.261538,3.0,0.599444,2.0,6.681,0.0213,0.0091,1.4643,3.212869,0.0,0.31755,74.0,0.203373,32.0,3.0,37.0,0.0,0.0,0.0,0.0,0.0,0.0,0.0,0.0,0.0,0.0,0.0,0.0,0.0,4
habarakada,8.5,20.207186,4.0,1.239135,0.0,16.234491,0.0,7.568819,0.0,3.782427,4.584523,3.894151,3.211179,0.0,2.547955,0.0,4.447962,0.0,7.822861,0.0,9.03396,0.0,2.826651,0.0,16.328,0.0085,0.4536,5.0667,6.687339,0.116085,0.69349,4.0,1.239135,4.0,0.0,0.0,0.0,0.0,0.0,0.0,0.0,0.0,0.0,0.0,1.0,0.0,0.0,0.0,0.0,113
halpita,6.5,21.175782,5.0,1.289939,0.0,14.598387,0.0,7.294109,0.0,6.389756,2.732156,8.209121,1.041079,1.0,1.269048,1.0,2.220731,0.0,7.911443,0.0,7.988544,0.0,2.676348,0.0,10.23,0.001,0.4966,17.6415,6.813141,0.001341,0.69788,7.0,1.041079,5.0,0.0,2.0,0.0,0.0,0.0,0.0,0.0,0.0,0.0,0.0,0.0,0.0,0.0,1.0,0.0,93
hanwella,11.5,26.798419,4.0,0.387462,0.0,22.905362,0.0,13.446742,0.0,9.348641,11.613289,6.871558,0.471011,3.0,0.560293,2.0,5.718755,0.0,9.007139,0.0,9.577446,0.0,7.198487,0.0,14.119,0.965,0.4019,0.6406,5.458574,0.024231,0.70262,9.0,0.387462,4.0,0.0,5.0,0.0,0.0,0.0,0.0,0.0,0.0,0.0,0.0,0.0,0.0,0.0,0.0,0.0,16
havelock town,19.3,5.837036,19.0,0.28166,3.0,0.859264,9.0,0.260383,2.0,1.537378,9.664618,1.700965,0.412646,29.0,0.407205,9.0,1.395607,1.0,0.699688,3.0,0.603232,8.0,0.940713,1.0,9.837,0.0,0.3058,7.7415,4.430395,2.1e-05,0.38792,84.0,0.260383,31.0,12.0,38.0,0.0,0.0,0.0,0.0,0.0,0.0,0.0,0.0,0.0,0.0,0.0,0.0,0.0,41
henawatta,7.17,23.261169,4.0,1.117487,0.0,19.035036,0.0,10.825062,0.0,2.39608,6.941994,4.281021,1.8507,1.0,4.478421,0.0,5.481269,0.0,10.261603,0.0,11.393913,0.0,4.950033,0.0,24.795,0.0,1.015,5.5872,10.664462,0.002208,0.66226,5.0,1.117487,4.0,0.0,1.0,0.0,0.0,0.0,0.0,0.0,0.0,0.0,0.0,0.0,0.5,0.0,0.0,0.5,2
henpita,6.0,23.235912,0.0,3.200352,0.0,19.328755,0.0,9.894945,0.0,7.25286,8.098489,8.083832,2.735497,0.0,3.07377,0.0,4.597484,0.0,6.319028,0.0,7.205402,0.0,5.632383,0.0,18.114,1.4524,0.417,0.5188,10.427312,0.034471,0.68908,0.0,2.735497,0.0,0.0,0.0,0.0,0.0,0.0,0.0,0.0,0.0,0.0,0.0,0.0,0.0,0.0,0.0,1.0,11
hewagama,20.1,14.767604,4.0,0.111399,0.0,11.011715,1.0,1.91656,0.0,8.365949,0.872264,9.555493,0.813914,4.0,0.652299,4.0,1.743917,1.0,4.723782,0.0,5.499723,0.0,3.310722,0.0,14.664,1.2874,0.9387,0.9387,10.196512,0.009203,0.6139,14.0,0.111399,5.0,1.0,8.0,0.0,0.0,0.0,0.0,0.0,0.0,0.0,0.0,0.0,0.0,0.0,1.0,0.0,1
himbutana,12.5,10.242925,3.0,1.167873,0.0,6.375282,0.0,3.112584,0.0,6.029966,4.327022,6.279218,2.365719,0.0,3.301426,0.0,0.900893,4.0,5.00647,0.0,2.969247,0.0,4.045778,0.0,16.985,0.0,0.8182,2.0762,11.287364,0.001162,0.59522,7.0,0.900893,3.0,4.0,0.0,0.0,0.0,0.0,0.0,0.0,0.0,0.0,0.0,0.0,0.0,0.0,1.0,0.0,6
hokandara,8.4,15.112071,0.0,2.973793,0.0,10.893609,0.0,4.510319,0.0,5.594316,0.943837,4.542834,1.941522,1.0,2.885089,0.0,4.449543,0.0,3.499749,0.0,4.128677,0.0,1.479867,1.0,22.762,0.0,0.8406,6.4618,10.370197,0.000808,0.65883,2.0,0.943837,0.0,0.0,1.0,0.0,0.0,0.0,0.0,0.0,0.0,0.0,0.0,0.0,0.0,0.0,0.0,0.0,50
homagama,7.5,19.751889,3.0,0.425323,0.0,15.145089,0.0,8.702465,0.0,2.583136,2.687171,0.685045,1.073927,4.0,0.920033,3.0,1.192944,1.0,7.675807,0.0,8.229943,0.0,1.61796,1.0,27.314,0.0037,1.5737,8.3836,11.595614,0.0,0.65979,12.0,0.425323,3.0,1.0,7.0,0.0,0.0,0.0,0.0,0.0,0.0,0.0,0.0,0.0,0.0,0.0,1.0,0.0,359
honnanthara,8.0,19.110662,4.0,0.993593,0.0,12.64598,0.0,8.350175,0.0,5.228982,3.787357,6.196708,0.881816,2.0,1.547087,1.0,3.282578,0.0,5.790273,0.0,6.107898,0.0,1.025873,1.0,15.326,0.0316,0.0974,15.7364,9.421617,0.0,0.63313,8.0,0.881816,4.0,0.0,3.0,0.0,0.0,0.0,0.0,0.0,0.0,0.0,0.0,1.0,0.0,0.0,0.0,0.0,2
idama,8.5,17.688776,3.0,0.406596,0.0,10.594588,0.0,5.98708,0.0,2.534045,10.422192,0.775303,0.52375,8.0,0.510231,5.0,6.859489,0.0,7.314535,0.0,2.836819,0.0,5.730601,0.0,7.361,16.5005,1.2149,18.6719,6.614902,0.00052,0.3737,16.0,0.406596,3.0,0.0,13.0,0.0,0.0,0.0,0.0,0.0,0.0,0.0,0.0,0.0,0.0,0.0,0.0,1.0,2
jalthara,133.75,22.248467,0.0,2.469414,0.0,18.328335,0.0,8.929887,0.0,6.640624,7.174952,7.522774,3.800375,0.0,3.240772,0.0,3.839479,0.0,5.95052,0.0,6.957821,0.0,4.680715,0.0,19.814,0.0,0.9076,1.4565,10.74177,0.032298,0.68697,0.0,2.469414,0.0,0.0,0.0,0.0,0.0,1.0,0.0,0.0,0.0,0.0,0.0,0.0,0.0,0.0,0.0,0.0,1
jambugasmulla,31.95,9.828219,9.0,0.09499,0.0,3.794068,1.0,1.414262,0.0,2.152637,9.250338,1.253917,0.435679,15.0,0.396513,5.0,2.236298,0.0,0.980851,1.0,1.033853,3.0,1.288666,1.0,12.262,0.199,0.3828,9.5217,7.475296,0.0,0.46383,35.0,0.09499,10.0,4.0,20.0,0.0,0.0,0.0,0.0,0.0,0.0,0.0,0.0,0.5,0.0,0.0,0.0,0.0,4
kaduwela,10.0,15.869376,7.0,0.539235,0.0,12.111217,0.0,2.86491,0.0,9.280771,1.180207,9.430504,0.336495,3.0,0.494958,4.0,1.975851,1.0,3.748699,0.0,4.642793,0.0,2.498376,0.0,10.691,1.4662,0.4208,0.5439,6.803264,0.013191,0.62563,15.0,0.336495,7.0,1.0,7.0,0.0,0.0,0.0,0.0,0.0,0.0,0.0,0.0,0.0,0.0,0.0,0.0,0.0,121
kahapola,75.0,21.866911,1.0,1.251411,0.0,14.829864,0.0,2.923206,0.0,5.460313,7.000174,5.236932,2.751114,0.0,2.705432,0.0,4.106792,0.0,4.412244,0.0,7.174667,0.0,3.831061,0.0,5.028,27.4635,0.3127,20.6068,3.930161,0.002436,0.56463,1.0,1.251411,1.0,0.0,0.0,0.0,0.0,0.0,0.5,0.0,0.0,0.0,0.0,0.0,0.5,0.0,0.0,0.0,2
kahathuduwa,6.5,23.544153,0.0,2.302534,0.0,17.520679,0.0,10.833773,0.0,7.607074,1.487845,6.953323,5.17733,0.0,5.351183,0.0,2.022764,0.0,8.792627,0.0,7.473121,0.0,5.640513,0.0,18.462,0.0,0.8685,15.3544,9.661361,0.0,0.69007,0.0,1.487845,0.0,0.0,0.0,0.0,0.0,0.0,0.0,0.0,0.0,0.0,0.0,0.0,0.0,0.0,0.0,0.0,69
kajugahawatta,20.125,7.488914,4.0,0.397802,0.0,3.676237,0.0,2.823802,0.0,5.173238,5.120627,3.711206,0.43699,3.0,2.019264,0.0,0.908418,2.0,4.291913,0.0,1.987799,1.0,2.346333,0.0,10.373,0.0355,0.476,2.2745,7.717005,0.001541,0.54137,10.0,0.397802,4.0,3.0,3.0,0.0,0.0,0.0,0.0,0.0,0.0,0.0,0.0,0.0,0.0,0.0,1.0,0.0,2
kalalgoda,6.3,13.832562,2.0,1.02373,0.0,9.084029,0.0,3.603115,0.0,3.17188,3.466983,3.312677,3.269221,0.0,2.428795,0.0,2.662275,0.0,1.69957,1.0,2.187263,0.0,3.096513,0.0,21.443,0.0,0.7066,7.8949,11.309184,0.0,0.6193,3.0,1.02373,2.0,1.0,0.0,0.0,0.0,0.0,0.0,0.0,0.0,0.0,0.0,0.0,0.0,0.0,1.0,0.0,41
kalapaluwawa,14.4,7.950743,3.0,1.618216,0.0,3.983277,1.0,1.902104,0.0,3.992814,6.417431,4.300753,0.939515,6.0,2.300942,0.0,1.104078,3.0,3.959128,0.0,1.531972,2.0,1.678361,1.0,10.404,1.092,0.3797,3.5261,7.17987,4.1e-05,0.56816,16.0,0.939515,4.0,5.0,6.0,0.0,0.0,0.0,0.0,0.0,0.0,0.0,0.0,0.0,0.0,0.0,1.0,0.0,3
kaldemulla,8.0,14.65843,2.0,1.108967,0.0,7.563437,0.0,5.973935,1.0,1.736026,11.426275,3.577209,0.23957,9.0,0.235395,1.0,5.73839,0.0,6.714357,0.0,0.694084,2.0,2.861526,0.0,8.911,0.0,0.533,15.8425,2.212923,0.0,0.46183,15.0,0.235395,2.0,2.0,10.0,0.0,0.0,0.0,0.0,0.0,0.0,0.0,0.0,0.0,0.0,0.0,1.0,0.0,3
kalu aggala,10.0,29.353101,1.0,1.948071,0.0,25.578993,0.0,16.12972,0.0,13.361172,14.223295,8.642635,3.696865,0.0,3.668219,0.0,2.110951,0.0,10.491166,0.0,10.608418,0.0,5.673621,0.0,30.43,0.0,0.9958,1.5782,14.415752,0.002074,0.78974,1.0,1.948071,1.0,0.0,0.0,0.0,0.0,0.0,0.0,0.0,0.0,0.0,0.0,0.0,0.0,0.0,0.0,0.0,17
kalubovila,15.35,8.68377,13.0,0.481171,1.0,1.918705,2.0,1.274914,0.0,2.59105,11.167477,1.799666,0.361117,16.0,0.848729,6.0,0.534869,1.0,1.656369,1.0,0.887706,1.0,1.315697,2.0,15.876,0.0,0.2512,9.7099,8.597968,0.0,0.43526,43.0,0.361117,16.0,3.0,22.0,0.0,0.0,0.0,0.0,0.0,0.0,0.0,0.0,0.0,0.0,0.0,0.5,0.0,26
karagampitiya,12.75,9.990461,5.0,0.555469,0.0,2.887045,1.0,1.328584,0.0,3.912182,12.047438,1.09924,0.300519,7.0,0.630948,3.0,2.247458,0.0,3.208876,0.0,0.638704,1.0,2.252097,0.0,12.366,0.0,0.636,11.4927,7.849253,0.0,0.40134,17.0,0.300519,6.0,1.0,10.0,0.0,0.0,0.0,0.0,0.0,0.0,0.0,0.0,1.0,0.0,0.0,0.0,0.0,1
katubedda,20.0,15.894192,1.0,1.846906,0.0,8.818293,0.0,7.279562,1.0,0.642479,9.455467,3.300733,0.770042,11.0,1.377708,4.0,4.966323,0.0,6.109354,0.0,1.315915,1.0,3.677583,0.0,9.18,2.3558,0.0472,16.2224,6.539455,0.008048,0.5553,18.0,0.642479,1.0,1.0,15.0,0.0,0.0,0.0,0.0,0.0,0.0,0.0,0.0,0.0,1.0,0.0,0.0,0.0,4
katuwana,8.5,20.708695,4.0,0.700197,0.0,15.833697,0.0,10.335481,0.0,2.680279,2.508851,1.2403,0.763033,4.0,0.767561,3.0,1.756702,1.0,8.161922,0.0,8.605163,0.0,0.222269,1.0,25.413,0.0,1.6663,9.9571,9.505717,0.0,0.63005,13.0,0.222269,4.0,1.0,7.0,0.0,0.0,0.0,0.0,0.0,0.0,0.0,0.0,0.0,0.0,0.0,1.0,0.0,4
katuwawala,11.6,14.010043,1.0,1.373807,0.0,7.43676,0.0,5.565863,0.0,2.426472,7.480804,2.617187,1.017624,2.0,1.965682,1.0,1.299307,1.0,2.453871,0.0,2.160736,0.0,3.185244,0.0,9.764,0.0034,0.5781,12.6723,6.882917,0.0,0.5932,5.0,1.017624,1.0,1.0,3.0,0.0,0.0,0.0,0.0,0.0,0.0,0.0,0.0,0.0,0.0,0.0,1.0,0.0,9
kawdana,11.0,10.543421,7.0,0.304472,0.0,3.464191,1.0,1.96946,0.0,3.260905,11.445581,1.778641,0.713125,7.0,1.272366,3.0,2.569448,0.0,3.176865,0.0,1.235894,1.0,1.705568,1.0,9.171,1.0836,0.146,11.7244,5.575813,0.0,0.43688,20.0,0.304472,8.0,1.0,10.0,0.0,0.0,0.0,0.0,0.0,0.0,0.0,0.0,0.0,0.0,0.0,1.0,0.0,3
kelanimulla,3.0,8.609461,2.0,1.162312,0.0,5.347726,0.0,5.206094,0.0,3.279727,3.965932,3.36152,0.670325,1.0,2.802446,0.0,2.349329,0.0,3.402651,0.0,3.119903,0.0,1.014845,1.0,7.236,2.4256,0.1578,0.2752,3.47517,7.5e-05,0.57366,4.0,0.670325,2.0,0.0,1.0,0.0,0.0,0.0,0.0,0.0,0.0,0.0,0.0,0.0,0.0,0.0,1.0,0.0,1
kesbewa,6.5,19.04875,5.0,0.684357,0.0,12.308881,0.0,6.924215,0.0,3.957059,4.929423,6.176151,0.830921,2.0,1.205646,1.0,4.394931,0.0,6.320271,0.0,5.86886,0.0,0.93186,1.0,19.249,0.2099,0.49,16.6529,10.832322,0.0,0.60288,9.0,0.684357,5.0,0.0,3.0,0.0,0.0,0.0,0.0,0.0,0.0,0.0,0.0,0.0,0.0,0.0,0.0,0.0,47
kirigampamunuwa,15.0,21.13599,3.0,1.658225,0.0,15.226787,0.0,10.861171,0.0,6.897158,1.820883,5.197193,4.259451,0.0,4.322506,0.0,1.864361,1.0,7.519354,0.0,7.947389,0.0,4.432893,0.0,15.182,0.0002,0.5692,14.4416,7.169675,0.0,0.71352,4.0,1.658225,3.0,1.0,0.0,0.0,0.0,0.0,0.0,0.0,0.0,0.0,0.0,0.0,0.0,0.0,0.0,0.0,3
kiriwattuduwa,7.0,23.538469,0.0,3.799172,0.0,17.89836,0.0,12.716081,0.0,5.766662,3.097564,5.498434,5.005121,0.0,4.984845,0.0,3.574447,0.0,9.282863,0.0,9.049822,0.0,4.109682,0.0,18.861,0.0,0.677,13.5031,6.084503,0.000702,0.71001,0.0,3.097564,0.0,0.0,0.0,0.0,0.0,0.0,0.0,0.0,0.0,0.0,0.0,0.0,0.0,0.0,0.0,0.0,56
kirulapone,13.75,6.98908,22.0,0.611815,3.0,1.471027,6.0,0.709612,1.0,0.83941,9.958803,1.745957,0.293895,29.0,0.301567,7.0,1.256757,2.0,0.930024,4.0,0.561619,3.0,1.131395,2.0,10.34,0.0024,0.5529,7.8351,5.159353,0.0,0.4342,79.0,0.293895,31.0,9.0,36.0,0.0,0.0,0.0,0.0,0.0,0.0,0.0,0.0,0.5,0.0,0.0,0.0,0.0,6
kohuwala,13.7,9.127616,9.0,0.607015,0.0,2.860978,1.0,0.742762,0.0,2.310202,10.075846,0.993185,0.523545,15.0,0.744152,5.0,1.30183,1.0,0.729719,1.0,0.410139,2.0,0.661798,1.0,15.925,0.0106,0.1057,9.3929,9.63277,0.0,0.45242,35.0,0.410139,10.0,4.0,20.0,0.0,0.0,0.0,0.0,0.0,0.0,0.0,0.0,0.0,0.0,0.0,0.0,0.0,29
kolamunna,7.45,17.669495,7.0,0.405,0.0,10.816176,0.0,7.16575,0.0,2.370803,6.503714,5.044733,0.69752,2.0,0.826564,1.0,4.781606,0.0,5.609761,0.0,4.239337,0.0,1.84842,1.0,14.799,0.0,0.8296,16.0946,10.933732,0.0,0.59419,11.0,0.405,7.0,0.0,3.0,0.0,0.0,0.0,0.0,0.0,0.0,0.0,0.0,0.0,0.0,0.0,1.0,0.0,322
kolonnawa,12.25,5.914486,6.0,0.353657,0.0,2.417436,0.0,3.328983,0.0,4.57165,3.99884,2.019068,0.307823,3.0,0.334381,2.0,2.475617,0.0,3.007626,0.0,0.27676,2.0,2.220987,0.0,8.016,0.015,0.0752,1.6576,5.640049,0.000603,0.48007,13.0,0.27676,6.0,2.0,5.0,0.0,0.0,0.0,0.0,0.0,0.0,0.0,0.0,0.0,0.0,0.0,0.5,0.0,6
koralawella,42.5,20.101389,0.0,2.356115,0.0,13.015142,0.0,3.770598,0.0,4.522893,10.486176,1.947316,1.337284,4.0,2.931765,0.0,4.503164,0.0,4.95713,0.0,5.260117,0.0,3.341403,0.0,4.65,38.2039,3.3276,20.922,4.611322,0.000332,0.21688,4.0,1.337284,0.0,0.0,4.0,0.0,0.0,0.0,0.0,0.0,0.0,0.0,0.5,0.0,0.5,0.0,0.0,0.0,2
kosgama,10.594999999999999,32.728727,2.0,0.507121,0.0,29.01864,0.0,19.629633,0.0,16.848974,17.719168,5.398748,7.168646,0.0,7.227044,0.0,1.637648,1.0,7.771318,0.0,13.573925,0.0,2.272157,0.0,31.763,0.0,0.0263,3.0775,11.408346,0.0,0.74452,3.0,0.507121,2.0,1.0,0.0,0.0,0.0,0.0,0.5,0.0,0.0,0.0,0.0,0.0,0.0,0.0,0.0,0.0,4
koswatta,7.5,23.335745,0.0,2.479766,0.0,19.400981,0.0,10.052522,0.0,6.396848,8.330321,7.348275,3.051211,0.0,3.38297,0.0,5.032791,0.0,7.03923,0.0,7.988098,0.0,5.827178,0.0,17.652,0.0128,0.5764,1.3699,8.127781,0.049133,0.72143,0.0,2.479766,0.0,0.0,0.0,0.0,0.0,0.0,0.0,0.0,0.0,0.0,0.0,0.0,0.0,0.0,1.0,0.0,39
kotahena,144.0,2.704796,31.0,0.024024,0.0,2.431334,0.0,4.595455,0.0,3.085853,4.099081,2.160578,0.157731,28.0,0.156183,18.0,3.39471,0.0,3.266879,0.0,0.373659,3.0,2.064101,0.0,10.322,1.7971,0.7068,2.1679,6.395132,0.0,0.26755,80.0,0.024024,31.0,3.0,46.0,0.0,0.0,0.0,0.0,0.0,0.0,0.0,0.0,0.0,0.0,1.0,0.0,0.0,1
kothalawala,10.0,15.125141,4.0,0.331139,0.0,11.287262,1.0,1.830435,0.0,9.167308,0.087686,8.602529,0.993946,4.0,0.301416,4.0,1.938845,1.0,4.920725,0.0,5.852159,0.0,2.592879,0.0,15.907,0.306,0.5606,1.5943,10.525828,0.043344,0.64418,14.0,0.087686,5.0,1.0,8.0,0.0,0.0,0.0,0.0,0.0,0.0,0.0,0.0,0.0,0.0,0.0,0.0,1.0,125
kotikawatta,20.0,8.167554,4.0,0.663331,0.0,4.465561,0.0,3.625517,0.0,4.851731,4.983993,4.216374,0.839496,2.0,2.59499,0.0,0.747425,2.0,4.356114,0.0,2.530542,0.0,2.608493,0.0,10.296,0.1483,0.0476,1.6878,7.073537,0.001551,0.52473,8.0,0.663331,4.0,2.0,2.0,0.0,0.0,0.0,0.0,0.0,0.0,0.0,0.0,0.0,0.0,0.0,0.0,0.0,3
kottawa,7.5,16.155733,3.0,0.839189,0.0,11.207532,0.0,6.023787,0.0,3.509591,2.170446,3.202129,1.467133,1.0,2.217501,0.0,3.181685,0.0,3.8655,0.0,4.26311,0.0,0.903782,1.0,25.484,0.0,1.808,9.6728,11.800953,0.0,0.6269,5.0,0.839189,3.0,0.0,1.0,0.0,0.0,0.0,0.0,0.0,0.0,0.0,0.0,0.0,0.0,0.0,1.0,0.0,190
kotuvila,80.0,5.648029,5.0,0.4455,0.0,3.374927,0.0,4.14017,0.0,3.602885,2.148915,1.332977,1.514532,5.0,1.844577,2.0,3.515267,0.0,1.613722,1.0,1.158862,2.0,1.463741,2.0,4.983,4.6638,0.3218,0.5213,3.801348,0.003051,0.43513,17.0,0.4455,5.0,3.0,7.0,0.0,0.0,0.0,1.0,0.0,0.0,0.0,0.0,0.0,0.0,0.0,0.0,0.0,1
kudamaduwa,11.0,19.415963,2.0,1.075877,0.0,13.172304,0.0,9.330583,0.0,5.580137,3.083705,6.235057,2.054712,0.0,2.443518,0.0,2.655905,0.0,5.858029,0.0,6.232744,0.0,2.160883,0.0,12.618,0.1643,0.4173,15.2259,6.656437,3.7e-05,0.68915,2.0,1.075877,2.0,0.0,0.0,0.0,0.0,0.0,0.0,0.0,0.0,0.0,0.0,0.0,0.0,0.0,1.0,0.0,6
kumaragewatta,35.75,12.350498,1.0,1.914133,0.0,8.269805,1.0,1.862394,0.0,5.195876,3.42719,5.036041,1.833774,2.0,2.119119,0.0,2.726703,0.0,1.677115,1.0,2.151816,0.0,1.953785,1.0,16.981,0.0775,0.1749,5.4576,10.358098,0.000597,0.6298,6.0,1.677115,2.0,1.0,2.0,0.0,0.0,0.0,0.0,0.0,0.0,0.0,0.0,0.0,1.0,0.0,0.0,0.0,2
kurunduwatta,10.0,8.518814,4.0,1.463085,0.0,4.242605,1.0,1.484534,1.0,1.831302,7.485246,3.180606,1.241324,6.0,1.918896,1.0,2.528564,0.0,2.990198,0.0,1.244407,1.0,2.027687,0.0,8.78,8.3217,0.2637,5.8043,6.963426,0.000314,0.55366,14.0,1.241324,5.0,1.0,7.0,0.0,0.0,0.0,0.0,0.0,0.0,0.0,0.0,1.0,0.0,0.0,0.0,0.0,1
lakshapathiya,7.3,15.7306,1.0,1.343596,0.0,8.63509,0.0,7.045899,0.0,2.118159,10.961015,2.533283,0.707197,11.0,1.008424,6.0,6.224328,0.0,7.289018,0.0,1.011189,1.0,3.838552,0.0,8.002,1.3638,0.0784,16.8267,2.333997,8.1e-05,0.45432,19.0,0.707197,1.0,1.0,17.0,0.0,0.0,0.0,0.0,0.0,0.0,0.0,0.0,1.0,0.0,0.0,0.0,0.0,1
liyanagoda,7.0,15.24178,2.0,1.178188,0.0,10.396835,0.0,5.022505,0.0,3.32421,3.10675,3.762214,2.405338,0.0,2.146398,0.0,3.84889,0.0,3.129018,0.0,3.514558,0.0,1.914052,1.0,21.293,0.0,1.1112,8.8556,9.441912,0.0,0.65327,3.0,1.178188,2.0,0.0,0.0,0.0,0.0,0.0,0.0,0.0,0.0,1.0,0.0,0.0,0.0,0.0,0.0,0.0,1
madampitiya,7.72,4.759961,18.0,0.607708,0.0,3.993383,0.0,3.021354,1.0,1.53134,2.117711,2.100274,0.710705,6.0,0.290577,7.0,2.270078,0.0,2.232324,0.0,2.384018,0.0,0.785625,3.0,7.381,4.8862,0.2849,0.3241,5.453388,0.0,0.35459,35.0,0.290577,18.0,0.0,13.0,0.0,0.0,0.0,0.0,0.0,0.0,1.0,0.0,0.0,0.0,0.0,0.0,0.0,1
madapatha,12.0,20.812377,2.0,0.335561,0.0,13.84841,0.0,4.376105,0.0,4.590365,5.990311,5.275691,2.571457,0.0,2.575713,0.0,5.501064,0.0,5.887816,0.0,6.465177,0.0,3.506345,0.0,13.532,2.7118,0.345,19.1662,9.797054,0.000773,0.67927,2.0,0.335561,2.0,0.0,0.0,0.0,0.0,0.0,0.0,0.0,0.0,0.0,0.0,0.0,0.0,0.0,1.0,0.0,4
madiwela,11.6,10.760192,2.0,0.460028,0.0,5.950747,1.0,1.850125,0.0,2.609312,5.935424,3.305579,1.848672,1.0,2.8512,0.0,1.127494,1.0,1.587292,1.0,0.978471,3.0,3.954909,0.0,9.916,6.1783,0.4649,7.1358,6.754342,0.00129,0.55904,9.0,0.460028,3.0,5.0,1.0,0.0,0.0,0.0,0.0,0.0,0.0,0.0,0.0,0.0,0.0,0.0,1.0,0.0,17
madulawa,10.0,27.309726,1.0,1.991567,0.0,22.72575,0.0,15.336553,0.0,5.017957,9.594055,3.263474,2.858094,0.0,7.054026,0.0,2.963625,0.0,11.946291,0.0,14.866148,0.0,3.289216,0.0,47.556,0.0,0.3927,8.9351,21.437128,0.0,0.76907,1.0,1.991567,1.0,0.0,0.0,0.0,0.0,0.0,0.0,0.0,0.0,0.0,0.0,0.0,0.0,0.0,1.0,0.0,1
magammana,10.0,21.168172,1.0,1.130405,0.0,15.950261,0.0,11.040803,0.0,4.027488,2.938431,2.909662,2.230668,0.0,2.196648,0.0,3.019868,0.0,8.038933,0.0,8.492941,0.0,1.590013,1.0,25.215,0.0,1.5167,11.5826,11.10244,0.001341,0.70073,2.0,1.130405,1.0,0.0,0.0,0.0,0.0,0.0,0.0,0.0,0.0,0.0,0.0,0.0,0.0,0.0,0.0,0.0,5
mahadeniya,10.0,13.069842,2.0,1.788674,0.0,9.261191,1.0,0.702089,0.0,7.413368,1.636065,8.371994,1.613685,1.0,1.775139,1.0,0.173802,1.0,6.046846,0.0,5.509003,0.0,3.790357,0.0,13.487,0.0138,0.4448,1.6112,8.689538,0.037205,0.66564,6.0,0.173802,3.0,1.0,2.0,0.0,0.0,0.0,0.0,0.0,0.0,0.0,0.0,0.0,0.0,0.0,1.0,0.0,1
mahalwarawa,8.2,16.439717,1.0,0.995726,0.0,11.004511,0.0,6.924431,0.0,2.707633,2.748676,3.467974,0.927305,1.0,1.681929,1.0,3.927037,0.0,3.096035,0.0,3.549604,0.0,1.679857,1.0,23.249,0.0,1.5079,11.3509,11.86244,0.0,0.63241,4.0,0.927305,1.0,0.0,2.0,0.0,0.0,0.0,0.0,0.0,0.0,0.0,0.0,0.0,0.0,0.0,1.0,0.0,21
maharagama,11.75,13.699212,7.0,0.303496,0.0,8.126611,0.0,5.102567,1.0,0.316372,5.391841,0.599062,0.299678,7.0,0.579493,4.0,1.639568,1.0,0.381083,2.0,0.738173,3.0,4.067743,0.0,18.58,0.0,0.9222,10.2255,11.181901,0.0,0.55496,25.0,0.299678,7.0,6.0,11.0,0.0,0.0,0.0,0.0,0.0,0.0,0.0,0.0,0.0,0.0,0.0,1.0,0.0,126
mahawatta,11.1,4.340697,21.0,0.386094,0.0,3.492294,0.0,3.517801,1.0,1.975014,2.458259,2.279748,0.473333,13.0,0.330169,11.0,2.759589,0.0,2.460334,0.0,1.944378,1.0,0.681103,2.0,6.806,3.6771,0.3761,0.5428,4.397841,0.0,0.35098,49.0,0.330169,21.0,1.0,24.0,0.0,0.0,0.0,0.0,0.0,0.0,0.0,0.0,0.0,0.0,0.0,1.0,0.0,1
makuludoowa,10.9,16.630964,2.0,1.532416,0.0,10.179264,0.0,8.204472,0.0,3.435182,5.977001,3.924906,1.206061,3.0,1.763017,1.0,3.105048,0.0,3.557888,0.0,3.798309,0.0,1.991474,1.0,18.884,0.0,0.8956,13.9297,11.321386,0.0,0.62214,7.0,1.206061,2.0,0.0,4.0,0.0,0.0,0.0,0.0,0.0,0.0,0.0,0.0,1.0,0.0,0.0,0.0,0.0,7
makumbura,6.175000000000001,18.047829,3.0,0.719523,0.0,13.020308,0.0,7.935199,0.0,4.838691,0.517314,1.965102,1.32241,1.0,2.129778,0.0,2.010553,0.0,5.226606,0.0,5.669733,0.0,1.029996,1.0,22.843,0.0,1.4667,10.7349,8.838824,0.0,0.62396,5.0,0.517314,3.0,0.0,1.0,0.0,0.0,0.0,0.0,0.0,0.0,0.0,0.0,0.0,0.0,0.0,1.0,0.0,38
malabe,10.0,14.027795,3.0,0.560335,0.0,10.076634,1.0,1.581124,0.0,7.844403,2.304669,7.234462,1.325788,3.0,0.982747,1.0,2.12313,0.0,4.633177,0.0,5.152489,0.0,1.65112,1.0,17.333,0.0,0.4664,3.5277,12.023264,0.012905,0.63084,9.0,0.560335,4.0,0.0,4.0,0.0,0.0,0.0,0.0,0.0,0.0,0.0,0.0,0.0,0.0,0.0,0.0,0.0,171
malapalla,6.1,18.049365,2.0,0.667851,0.0,13.217845,0.0,7.692363,0.0,4.672758,0.838494,1.135586,1.756657,1.0,1.694407,1.0,1.117093,1.0,5.860046,0.0,6.277751,0.0,1.530487,1.0,25.026,0.0,0.9414,9.5248,9.485498,0.0,0.65063,6.0,0.667851,2.0,1.0,2.0,0.0,0.0,0.0,0.0,0.0,0.0,0.0,0.0,0.0,0.0,0.0,1.0,0.0,20
maligagodella,41.0,11.950773,1.0,1.418613,0.0,8.140295,1.0,1.500733,0.0,6.695145,2.547112,7.401582,2.428675,0.0,2.611809,0.0,0.929378,2.0,5.644412,0.0,4.562694,0.0,4.016554,0.0,10.918,0.028,0.2599,1.5447,6.682513,0.038715,0.66652,4.0,0.929378,2.0,2.0,0.0,0.0,0.0,0.0,0.0,0.0,0.0,0.0,0.0,0.0,0.0,0.0,1.0,0.0,2
malwatta,7.5,9.397557,7.0,0.758166,0.0,2.297389,1.0,0.785702,0.0,3.850333,12.161482,0.984915,0.477375,8.0,0.589404,3.0,1.710733,1.0,2.637886,0.0,0.88777,1.0,1.682809,1.0,13.292,0.0,0.7544,10.952,8.084295,0.0,0.40001,22.0,0.477375,8.0,2.0,11.0,0.0,0.0,0.0,0.0,0.0,0.0,0.0,0.0,0.0,0.0,0.0,0.5,0.0,4
maradana,22.5,2.44131,43.0,0.484512,3.0,0.167741,0.0,2.020709,1.0,1.802257,5.728566,0.389242,0.312135,45.0,0.250164,19.0,0.837148,6.0,1.005505,1.0,0.24685,12.0,2.15975,0.0,10.213,1.6271,0.9233,3.7639,3.894914,0.000217,0.35875,130.0,0.167741,46.0,19.0,64.0,0.0,0.0,0.0,0.0,0.0,0.0,0.0,0.5,0.0,0.0,0.0,0.0,0.0,4
mattakkuliya,9.0,5.700315,8.0,0.171129,0.0,5.14894,1.0,1.937578,1.0,0.644801,1.853514,2.295662,0.733526,5.0,0.341922,6.0,1.11089,1.0,2.281458,0.0,3.411382,0.0,0.399631,3.0,5.689,12.293,0.3899,0.6902,4.447529,0.000424,0.34085,25.0,0.171129,9.0,1.0,11.0,0.0,0.0,0.0,0.0,0.0,0.0,0.0,0.0,0.0,0.0,0.0,0.0,0.0,6
mattegoda,8.0,19.239613,1.0,1.55319,0.0,13.452559,0.0,9.815082,0.0,5.296198,3.126957,4.294089,2.666213,0.0,3.994087,0.0,3.370107,0.0,5.650575,0.0,6.087843,0.0,3.345216,0.0,23.177,0.0116,1.7296,13.4689,10.390238,0.0,0.64122,1.0,1.55319,1.0,0.0,0.0,0.0,0.0,0.0,0.0,0.0,0.0,0.0,0.0,0.0,0.0,0.0,1.0,0.0,85
mawathgama,32.0,21.848582,3.0,1.062523,0.0,17.03448,0.0,11.093932,1.0,1.745427,3.750483,1.733153,1.31799,3.0,1.389199,2.0,2.796599,0.0,9.411129,0.0,9.854023,0.0,1.092734,1.0,24.341,0.0,2.8217,9.4258,8.420951,0.0,0.68149,10.0,1.062523,3.0,0.0,5.0,0.0,0.0,0.0,0.0,0.0,0.0,0.0,0.0,0.0,0.0,0.0,1.0,0.0,1
meegoda,8.0,24.52351,2.0,1.249537,0.0,20.384164,0.0,11.866296,0.0,3.630181,8.330797,4.654277,1.986898,1.0,5.828236,0.0,4.648012,0.0,10.568647,0.0,11.631997,0.0,4.970974,0.0,29.196,0.0,1.5976,5.1894,11.984006,0.001769,0.70215,3.0,1.249537,2.0,0.0,1.0,0.0,0.0,0.0,0.0,0.0,0.0,0.0,0.0,0.0,0.0,0.0,0.0,0.0,96
mirihana,7.55,9.336838,6.0,0.714222,0.0,4.29855,0.0,2.558566,1.0,0.920949,7.604377,2.007242,0.811468,10.0,1.215357,2.0,2.314092,0.0,2.133428,0.0,1.689631,2.0,2.266279,0.0,15.64,0.0,0.3037,7.4836,11.625725,0.0,0.53548,21.0,0.714222,6.0,2.0,12.0,0.0,0.0,0.0,0.0,0.0,0.0,0.0,0.0,0.0,0.0,0.0,0.0,0.0,23
molpe,31.67,16.940001,2.0,1.216186,0.0,9.869793,0.0,6.77718,1.0,0.564708,8.812991,2.881262,0.3314,8.0,0.73376,4.0,5.548672,0.0,6.680061,0.0,2.26027,0.0,4.252555,0.0,12.17,6.365,0.8675,16.9465,9.862254,0.005825,0.55059,15.0,0.3314,2.0,0.0,12.0,0.0,0.0,0.0,0.0,0.0,0.0,0.0,0.0,1.0,0.0,0.0,0.0,0.0,1
moratuwella,8.0,18.608929,3.0,0.861483,0.0,11.526317,0.0,5.191796,0.0,3.402073,10.6332,0.489028,0.14608,3.0,1.463418,3.0,5.986924,0.0,6.441756,0.0,3.821159,0.0,4.834597,0.0,5.302,34.5111,2.1159,19.6633,5.556593,0.000243,0.23269,9.0,0.14608,3.0,0.0,6.0,0.0,0.0,0.0,0.0,0.0,0.0,0.0,0.0,0.0,0.0,0.0,0.0,0.0,154
mount lavinia,12.9,10.730657,5.0,0.524794,0.0,3.703521,0.0,2.13789,0.0,3.676662,12.744649,1.337072,0.284711,9.0,0.977144,3.0,3.39217,0.0,4.090775,0.0,0.851895,1.0,2.37443,0.0,10.752,29.2626,0.7554,12.6277,8.806994,0.0,0.25265,18.0,0.284711,5.0,1.0,12.0,0.0,0.0,0.0,0.0,0.0,0.0,0.0,0.0,0.0,0.0,0.0,0.0,0.0,70
mullegama,10.0,19.533285,3.0,1.024025,0.0,15.560737,0.0,6.978859,0.0,4.071176,3.902594,3.79242,2.539573,0.0,1.920418,1.0,4.14965,0.0,7.728504,0.0,8.813532,0.0,2.351558,0.0,16.519,0.0092,0.8227,5.1752,6.851925,0.121398,0.68926,4.0,1.024025,3.0,0.0,1.0,0.0,0.0,0.0,0.0,0.0,0.0,0.0,0.0,0.0,0.0,0.0,1.0,0.0,4
mulleriyawa,21.045,9.545923,2.0,0.996214,0.0,5.980821,0.0,4.219675,0.0,4.383832,4.645509,4.689523,1.995887,1.0,3.986254,0.0,1.912619,1.0,4.738481,0.0,3.900257,0.0,2.228324,0.0,8.28,0.0012,0.2191,1.3218,3.403959,1.1e-05,0.5979,4.0,0.996214,2.0,1.0,1.0,0.0,0.0,0.0,0.0,0.0,0.0,0.0,0.0,0.0,0.0,0.0,0.5,0.0,4
narahenpita,16.4,5.152468,19.0,0.661216,1.0,1.409012,7.0,0.390935,3.0,1.666681,7.536021,0.628294,0.678308,21.0,0.72869,10.0,1.078446,3.0,0.952798,3.0,1.302751,6.0,2.345816,0.0,7.717,0.2348,0.2886,5.5105,2.640913,0.000624,0.52414,73.0,0.390935,27.0,12.0,31.0,0.0,0.0,0.0,0.0,0.0,0.0,0.0,0.0,0.5,0.0,0.0,0.0,0.0,4
navinna,14.0,11.730541,5.0,0.806969,0.0,6.011046,0.0,3.56251,0.0,2.322934,7.454071,1.546583,0.327452,12.0,0.793081,3.0,1.8722,2.0,1.161578,2.0,0.855483,4.0,3.435366,0.0,16.564,0.0,1.105,9.8276,8.66038,0.000181,0.51324,28.0,0.327452,5.0,8.0,15.0,0.0,0.0,0.0,0.0,0.0,0.0,0.0,0.0,0.0,0.0,0.0,1.0,0.0,7
nawagamuwa,10.0,19.197233,2.0,0.927455,0.0,15.316001,0.0,5.844827,0.0,7.716971,4.023524,7.664103,3.935626,0.0,1.566376,1.0,0.971976,1.0,3.866489,0.0,5.082731,0.0,1.602261,1.0,17.028,0.092,0.2071,1.322,11.241957,0.158214,0.71426,5.0,0.927455,2.0,1.0,1.0,0.0,0.0,0.0,0.0,0.0,0.0,0.0,0.0,0.0,0.0,0.0,0.0,1.0,53
nawala,12.05,6.770314,11.0,0.084468,1.0,1.963756,5.0,1.660074,2.0,1.004021,8.470689,1.312153,0.626473,15.0,1.210419,3.0,1.264294,2.0,0.765149,2.0,1.528938,1.0,1.109047,1.0,7.626,0.2145,0.246,6.2182,5.657812,0.000502,0.53747,43.0,0.084468,17.0,5.0,18.0,0.0,0.0,0.0,0.0,0.0,0.0,0.0,0.0,0.0,0.0,0.0,0.0,0.0,102
nawalamulla,10.0,23.14505,1.0,1.43544,0.0,19.169501,0.0,10.326099,0.0,3.677707,7.519543,5.233415,3.11034,0.0,5.3678,0.0,6.1888,0.0,9.047805,0.0,10.143674,0.0,5.325814,0.0,22.303,0.0167,0.1994,4.1613,11.986473,0.019972,0.67096,1.0,1.43544,1.0,0.0,0.0,0.0,0.0,0.0,0.0,0.0,0.0,0.0,0.0,0.0,0.0,0.0,1.0,0.0,1
nedimala,12.85,9.582916,10.0,0.911217,0.0,2.70468,2.0,1.651206,0.0,3.367804,11.056999,2.091115,0.987518,9.0,1.540349,6.0,1.434707,1.0,1.943206,1.0,1.314599,2.0,1.76839,1.0,15.401,0.0,0.305,10.4573,9.763136,0.0,0.46632,32.0,0.911217,12.0,4.0,15.0,0.0,0.0,0.0,0.0,0.0,0.0,0.0,0.0,0.0,0.0,0.0,1.0,0.0,6
neelammahara,10.5,14.095369,3.0,1.102298,0.0,7.688859,0.0,5.664217,0.0,2.139792,6.889566,2.101223,1.245599,5.0,1.721384,1.0,0.814123,1.0,1.959669,1.0,1.862312,2.0,3.720011,0.0,10.991,0.0024,0.5965,12.2637,7.520604,0.0,0.60363,13.0,0.814123,3.0,4.0,6.0,0.0,0.0,0.0,0.0,0.0,0.0,0.0,0.0,0.0,0.0,0.0,1.0,0.0,14
nugegoda,14.3,8.122852,12.0,0.726859,0.0,2.691318,1.0,0.868994,2.0,1.101756,9.539279,0.565717,0.119852,22.0,0.792753,6.0,1.881712,1.0,0.867954,1.0,0.830798,3.0,0.691028,2.0,11.692,0.0357,0.1426,7.8879,6.912726,0.0,0.46628,50.0,0.119852,13.0,5.0,28.0,0.0,0.0,0.0,0.0,0.0,0.0,0.0,0.0,0.0,0.0,0.0,0.0,0.0,229
oruwala,6.5,18.254148,2.0,0.72785,0.0,14.281433,0.0,5.744106,0.0,5.075719,2.701965,4.267112,1.518867,2.0,1.315904,1.0,4.225872,0.0,7.06121,0.0,7.690667,0.0,2.214412,0.0,18.905,0.165,1.1172,5.0093,7.796335,0.065082,0.65471,5.0,0.72785,2.0,0.0,3.0,0.0,0.0,0.0,0.0,0.0,0.0,0.0,0.0,0.0,0.0,0.0,1.0,0.0,4
padukka,10.0,29.200182,0.0,2.659413,0.0,24.882566,0.0,16.62508,0.0,7.267752,12.099885,0.473401,0.343065,2.0,7.808096,0.0,0.15814,1.0,13.956416,0.0,15.613909,0.0,0.359343,1.0,17.949,0.0256,0.437,7.9302,5.658313,0.020309,0.70657,4.0,0.15814,0.0,1.0,2.0,0.0,0.0,0.0,0.0,0.0,0.0,0.0,0.0,0.0,0.0,0.0,0.0,0.0,66
pagoda,9.98,8.654778,9.0,0.551085,0.0,3.387736,1.0,1.558604,2.0,0.359898,8.660888,1.026639,0.274924,18.0,0.274924,4.0,2.682472,0.0,1.231714,1.0,0.847377,2.0,1.298069,2.0,14.74,0.0314,0.7137,7.7281,9.721342,0.0,0.47931,39.0,0.274924,10.0,3.0,22.0,0.0,0.0,0.0,0.0,0.0,0.0,0.0,0.0,0.0,0.0,0.0,1.0,0.0,1
pahalawela,10.0,10.702506,2.0,1.170437,0.0,6.225568,1.0,0.951401,0.0,3.062275,5.460336,4.075993,2.096925,0.0,3.44197,0.0,1.898032,1.0,1.451902,1.0,1.1108,2.0,4.095867,0.0,7.551,7.6014,0.4828,6.2439,5.295652,0.001112,0.54194,7.0,0.951401,3.0,4.0,0.0,0.0,0.0,0.0,0.0,0.0,0.0,0.0,0.0,1.0,0.0,0.0,0.0,0.0,7
pahathgama,45.0,26.848693,4.0,0.356895,0.0,22.929599,0.0,13.518439,0.0,8.684085,11.727736,5.994598,1.05672,3.0,1.408237,2.0,6.276702,0.0,9.465315,0.0,10.118586,0.0,6.326192,0.0,18.163,0.0029,0.3568,1.5364,8.835376,0.028947,0.73527,9.0,0.356895,4.0,0.0,5.0,0.0,0.0,0.0,0.0,0.0,0.0,0.0,0.0,0.0,0.0,0.0,0.0,0.5,4
paligedara,6.0,16.097917,0.0,2.039338,0.0,9.730594,0.0,7.689331,0.0,2.83418,5.784866,3.318761,1.659773,2.0,2.16607,0.0,2.540295,0.0,2.951302,0.0,3.194267,0.0,2.591656,0.0,17.341,0.0,0.9687,13.341,10.671534,0.0,0.61193,2.0,1.659773,0.0,0.0,2.0,0.0,0.0,0.0,0.0,0.0,0.0,0.0,0.0,0.0,0.0,0.0,0.0,1.0,1
pamunuwa,7.5,12.903498,8.0,1.192051,0.0,7.733574,0.0,3.908862,1.0,1.507428,5.657069,1.245467,1.341579,7.0,1.430802,4.0,1.32417,1.0,1.452438,2.0,1.352501,3.0,4.311803,0.0,12.304,0.1667,0.2816,9.0378,9.024325,0.000762,0.61942,26.0,1.192051,8.0,6.0,11.0,0.0,0.0,0.0,0.0,0.0,0.0,0.0,0.0,0.0,0.0,0.0,0.5,0.0,6
panagoda,6.2,21.32465,4.0,0.705647,0.0,16.972884,0.0,9.329052,1.0,1.564695,4.907566,2.343125,2.449806,0.0,2.590813,0.0,3.419373,0.0,9.462142,0.0,10.05447,0.0,2.871438,0.0,24.161,0.0017,0.104,6.6153,9.134761,0.000824,0.66802,5.0,0.705647,4.0,0.0,0.0,0.0,0.0,0.0,0.0,0.0,0.0,0.0,0.0,0.0,0.0,0.0,1.0,0.0,67
pannipitiya,10.0,14.776475,6.0,0.999874,0.0,9.548925,0.0,5.327872,1.0,1.510726,3.903784,2.114613,1.733595,3.0,0.258928,2.0,3.023249,0.0,1.862362,1.0,2.26556,0.0,2.560675,0.0,19.629,0.0,0.7999,10.0495,11.453385,0.0,0.59052,13.0,0.258928,6.0,1.0,5.0,0.0,0.0,0.0,0.0,0.0,0.0,0.0,0.0,0.0,0.0,0.0,1.0,0.0,148
pathiragoda,19.0,12.053149,7.0,0.58712,0.0,6.607547,0.0,4.096454,1.0,1.911294,6.831596,1.172288,0.629585,11.0,0.586499,2.0,1.324719,1.0,0.948797,2.0,0.698912,5.0,3.971651,0.0,16.471,0.0,1.4499,9.4216,9.297554,0.000181,0.53784,29.0,0.586499,7.0,8.0,13.0,0.0,0.0,0.0,0.0,0.0,0.0,0.0,0.0,0.0,1.0,0.0,0.0,0.0,6
pepiliyana,10.0,9.83937,9.0,0.090571,0.0,3.293643,1.0,1.516033,0.0,2.91653,10.162717,1.701112,1.204226,11.0,1.185013,4.0,1.790152,1.0,1.405017,1.0,1.126018,2.0,1.433063,1.0,13.623,0.171,0.5496,10.1351,9.346808,0.0,0.48071,30.0,0.090571,10.0,4.0,15.0,0.0,0.0,0.0,0.0,0.0,0.0,0.0,0.0,0.0,0.0,0.0,1.0,0.0,23
piriwena,8.325,12.468861,4.0,0.634454,0.0,5.3773,0.0,3.78647,0.0,2.016531,11.905338,3.12219,0.376048,10.0,0.883095,1.0,4.714617,0.0,5.261683,0.0,0.400951,1.0,1.434884,1.0,9.088,0.0,0.6169,13.8878,3.70107,0.0,0.42191,17.0,0.376048,4.0,1.0,11.0,0.0,0.0,0.0,0.0,0.0,0.0,0.0,0.0,0.0,0.0,0.0,1.0,0.0,6
pitakotte,12.0,8.588726,5.0,0.926475,0.0,3.927033,1.0,1.809257,1.0,1.12928,7.745546,2.485946,0.755093,7.0,1.742458,1.0,3.090695,0.0,2.707701,0.0,1.931847,1.0,2.17615,0.0,13.637,2.2167,0.0992,6.4805,11.25265,3.1e-05,0.54976,16.0,0.755093,6.0,1.0,8.0,0.0,0.0,0.0,0.0,0.0,0.0,0.0,0.0,0.0,0.0,0.0,1.0,0.0,129
pitipana,10.5,24.052906,4.0,0.024034,0.0,19.212009,0.0,13.084239,0.0,2.534789,5.872498,3.875847,2.980146,0.0,3.585579,0.0,5.001626,0.0,11.311597,0.0,11.909426,0.0,3.179035,0.0,26.868,0.0007,3.4246,9.8037,6.254676,0.0,0.70053,4.0,0.024034,4.0,0.0,0.0,0.0,0.0,0.0,0.0,0.0,0.0,0.0,0.0,0.0,0.0,0.0,1.0,0.0,74
polwatta,11.7,13.411622,7.0,0.897994,0.0,8.341543,0.0,3.931538,1.0,1.754003,4.970907,1.799934,1.805052,5.0,1.438777,2.0,1.784635,1.0,1.859242,2.0,1.60936,1.0,3.670777,0.0,12.038,0.0514,0.4287,8.8531,8.45269,0.000758,0.62785,19.0,0.897994,7.0,4.0,7.0,0.0,0.0,0.0,0.0,0.0,0.0,0.0,0.0,0.0,0.0,0.0,1.0,0.0,19
pore,8.0,16.405978,1.0,1.426086,0.0,12.433573,0.0,4.287302,0.0,6.475858,0.972478,4.685204,1.06441,2.0,1.905976,1.0,4.574885,0.0,5.325182,0.0,5.952936,0.0,2.364731,0.0,18.928,0.0046,1.0361,5.346,8.105723,0.036352,0.67947,4.0,0.972478,1.0,0.0,3.0,0.0,0.0,0.0,0.0,0.0,0.0,0.0,0.0,1.0,0.0,0.0,0.0,0.0,9
pothuarawa,14.15,12.758331,2.0,0.920451,0.0,8.787702,0.0,2.550925,0.0,6.070999,2.976681,6.006291,0.840895,2.0,1.100804,1.0,2.906029,0.0,2.687256,0.0,3.171926,0.0,1.299986,1.0,16.843,0.006,0.5794,4.8039,9.461828,0.00016,0.62597,6.0,0.840895,2.0,0.0,3.0,0.0,0.0,0.0,0.0,0.0,0.0,0.0,0.0,0.0,1.0,0.0,0.0,0.0,17
rajagiriya,10.0,6.604711,8.0,0.447766,0.0,2.752349,1.0,0.516571,0.0,2.790548,6.896067,2.358339,0.154338,5.0,0.585553,4.0,1.37771,1.0,2.045006,0.0,0.230733,4.0,0.288259,1.0,7.061,0.4896,0.3325,4.5325,5.332673,0.0,0.51098,24.0,0.154338,9.0,5.0,9.0,0.0,0.0,0.0,0.0,0.0,0.0,0.0,0.0,0.0,0.0,0.0,1.0,0.0,99
ranala,9.3,21.131286,1.0,1.929941,0.0,17.273989,0.0,7.790391,0.0,8.061145,5.920994,8.542735,4.776763,0.0,1.396516,1.0,2.262794,0.0,4.060848,0.0,5.082377,0.0,3.597929,0.0,13.711,2.2744,0.4911,0.4911,6.030937,0.037174,0.66612,2.0,1.396516,1.0,0.0,1.0,0.0,0.0,0.0,0.0,0.0,0.0,0.0,0.0,0.0,0.0,0.0,0.5,0.0,4
rathmalana,12.0,13.999912,2.0,0.399945,0.0,6.918139,0.0,5.326624,1.0,1.783197,11.987264,4.192228,0.7727,10.0,0.566102,1.0,5.784584,0.0,6.664489,0.0,1.270857,2.0,2.47293,0.0,8.406,4.1949,0.1405,15.3593,2.256439,0.000196,0.44381,16.0,0.399945,2.0,2.0,11.0,0.0,0.0,0.0,0.0,0.0,0.0,0.0,0.0,0.0,0.0,0.0,0.0,0.0,45
rathmaldeniya,7.25,15.73083,3.0,1.192457,0.0,10.274343,0.0,6.369597,1.0,1.982713,3.371931,2.737432,1.587252,1.0,0.986062,2.0,3.268707,0.0,2.372267,0.0,2.824668,0.0,2.159381,0.0,20.076,0.0,0.7815,11.0092,10.577349,0.0,0.61783,7.0,0.986062,3.0,0.0,3.0,0.0,0.0,0.0,0.0,0.0,0.0,0.0,0.0,0.0,0.0,0.0,1.0,0.0,30
rattanapitiya,12.15,11.364014,5.0,0.423004,0.0,4.982431,0.0,2.919404,0.0,3.310058,8.776559,2.798716,0.757693,8.0,0.9091,3.0,2.40708,0.0,2.369519,0.0,1.714861,1.0,2.644989,0.0,10.159,0.3857,0.3755,10.889,7.275801,3.9e-05,0.52817,17.0,0.423004,5.0,1.0,11.0,0.0,0.0,0.0,0.0,0.0,0.0,0.0,0.0,0.0,0.0,0.0,0.0,0.0,32
rilawala,7.0,21.822438,4.0,0.867332,0.0,15.713404,0.0,9.986824,0.0,7.829637,0.720672,6.3193,3.674241,0.0,3.798348,0.0,0.767749,1.0,8.193085,0.0,8.372539,0.0,4.43848,0.0,13.854,0.0,0.3012,15.458,7.708255,0.0,0.701,5.0,0.720672,4.0,1.0,0.0,0.0,0.0,0.0,0.0,0.0,0.0,0.0,0.0,1.0,0.0,0.0,0.0,0.0,15
rukmale,11.0,17.266962,2.0,1.260424,0.0,12.563731,0.0,6.829437,0.0,5.173908,1.758158,1.864322,2.549835,0.0,2.558518,0.0,1.795093,1.0,5.136554,0.0,5.667305,0.0,1.73162,1.0,27.064,0.0254,1.8725,8.8315,8.782419,0.0,0.66388,4.0,1.260424,2.0,1.0,0.0,0.0,0.0,0.0,0.0,0.0,0.0,0.0,0.0,0.0,0.0,0.0,0.0,0.0,48
salamulla,9.9,5.965677,10.0,0.728836,0.0,2.188365,0.0,2.66344,0.0,4.243124,4.665058,2.289575,0.666262,8.0,0.757274,3.0,2.199834,0.0,2.804331,0.0,0.812405,3.0,2.034763,0.0,7.36,0.1493,0.1227,2.3119,5.002622,0.000496,0.54532,24.0,0.666262,10.0,3.0,11.0,0.0,0.0,0.0,0.0,0.0,0.0,0.0,0.0,0.0,1.0,0.0,0.0,0.0,1
sedawatta,84.0,5.062046,9.0,0.724418,0.0,3.56466,0.0,3.621257,0.0,2.714758,1.928967,1.391541,1.023227,6.0,1.042099,4.0,3.248829,0.0,1.648434,1.0,1.907522,1.0,0.49095,3.0,4.812,5.1437,0.0807,0.0807,3.417249,0.000208,0.35612,24.0,0.49095,9.0,2.0,10.0,0.0,0.0,0.0,0.0,0.0,0.0,0.5,0.0,0.0,0.0,0.0,0.5,0.0,2
shanthalokagama,7.5,17.541776,2.0,0.373564,0.0,13.574387,0.0,4.755852,0.0,6.145395,2.457977,5.222021,1.863068,2.0,2.117588,0.0,3.801189,0.0,6.539913,0.0,7.414826,0.0,2.355071,0.0,21.695,0.0023,0.6502,4.4044,9.468107,0.001203,0.63783,4.0,0.373564,2.0,0.0,2.0,0.0,0.0,0.0,0.0,0.0,0.0,0.0,0.0,1.0,0.0,0.0,0.0,0.0,27
siddamulla,9.1,18.035156,1.0,0.79499,0.0,12.145173,0.0,8.900422,0.0,4.071529,3.446958,4.827211,2.235954,0.0,3.485466,0.0,4.198744,0.0,4.407702,0.0,4.832883,0.0,3.113569,0.0,22.181,0.0,0.4094,13.3226,10.080063,0.0,0.65662,1.0,0.79499,1.0,0.0,0.0,0.0,0.0,0.0,0.0,0.0,0.0,0.0,0.0,0.0,0.0,0.0,1.0,0.0,3
siyambalagoda,6.35,20.601609,4.0,0.350622,0.0,14.451516,0.0,9.688727,0.0,6.678621,1.843071,6.037918,2.980202,0.0,3.026942,0.0,1.508676,1.0,6.985542,0.0,7.384079,0.0,3.316796,0.0,16.075,0.1628,0.9395,15.3091,8.850384,3.7e-05,0.69107,5.0,0.350622,4.0,1.0,0.0,0.0,0.0,0.0,0.0,0.0,0.0,0.0,0.0,0.0,0.0,0.0,1.0,0.0,4
sri saranankara,15.0,7.694665,14.0,0.266481,2.0,0.717038,5.0,1.170455,0.0,2.501584,11.457631,2.092347,0.614891,17.0,0.808137,7.0,0.890942,1.0,0.948811,1.0,1.458865,2.0,0.660251,1.0,10.945,0.0,0.2823,9.417,6.111252,0.0,0.3691,50.0,0.266481,21.0,4.0,24.0,0.0,0.0,0.0,0.0,0.0,0.0,0.0,0.0,1.0,0.0,0.0,0.0,0.0,3
subhoothipura,19.0,8.379654,2.0,0.961697,0.0,4.421185,1.0,1.634419,0.0,3.250901,7.184397,4.133784,0.537893,5.0,2.244329,0.0,1.59419,2.0,3.707219,0.0,0.672822,2.0,1.736078,1.0,7.017,4.9034,0.0903,4.4036,4.46215,8.8e-05,0.54359,13.0,0.537893,3.0,4.0,5.0,0.0,0.0,0.0,0.0,0.0,0.0,0.0,0.0,0.0,0.5,0.0,0.0,0.0,16
suwarapola,17.0,17.131309,6.0,0.337983,0.0,10.185973,0.0,7.157035,1.0,1.428203,7.444154,4.293291,0.993479,3.0,1.129081,1.0,4.7211,0.0,5.707299,0.0,3.31212,0.0,2.780015,0.0,13.782,0.5983,1.4193,16.1582,11.868475,0.001291,0.61367,11.0,0.337983,6.0,0.0,4.0,0.0,0.0,0.0,0.0,0.0,0.0,0.0,0.0,0.5,0.0,0.0,0.5,0.0,2
thalahena,9.8,12.215303,3.0,0.558452,0.0,8.286248,1.0,1.45233,0.0,6.819272,3.301043,7.746885,1.060288,2.0,1.317619,1.0,1.648838,2.0,4.355021,0.0,3.990325,0.0,2.706049,0.0,12.945,0.0024,0.8294,2.897,7.631519,0.035272,0.6064,9.0,0.558452,4.0,2.0,3.0,0.0,0.0,0.0,0.0,0.0,0.0,0.0,0.0,0.0,0.0,0.0,1.0,0.0,45
thalangama,20.5,10.812235,2.0,1.046979,0.0,6.848036,1.0,1.993455,0.0,5.270608,4.805041,6.614965,1.972311,1.0,2.369859,0.0,1.080705,2.0,3.563681,0.0,2.374791,0.0,3.397397,0.0,13.475,0.0,0.1365,3.3546,8.768894,0.000734,0.57239,6.0,1.046979,3.0,2.0,1.0,0.0,0.0,0.0,0.0,0.0,0.0,0.0,0.0,0.0,0.0,0.0,1.0,0.0,5
thalapathpitiya,11.75,11.21559,4.0,0.988334,0.0,6.161375,0.0,2.698581,0.0,2.777945,6.176695,2.459605,1.409431,2.0,2.0338,0.0,0.419898,1.0,1.839805,1.0,0.776156,3.0,3.871707,0.0,13.377,0.164,0.7851,7.991,8.934909,0.00024,0.56167,11.0,0.419898,4.0,5.0,2.0,0.0,0.0,0.0,0.0,0.0,0.0,0.0,0.0,0.0,0.0,0.0,1.0,0.0,10
thalawathugoda,10.0,12.416245,1.0,0.732782,0.0,7.675506,0.0,2.410849,0.0,3.233263,4.41229,3.027665,3.048786,0.0,2.995222,0.0,1.492772,1.0,0.423662,1.0,0.761498,2.0,3.499076,0.0,13.052,0.2986,0.3495,7.2991,8.945761,0.0009,0.57908,5.0,0.423662,1.0,4.0,0.0,0.0,0.0,0.0,0.0,0.0,0.0,0.0,0.0,0.0,0.0,0.0,0.0,0.0,209
thaldiyawala,7.43,17.413499,0.0,2.224597,0.0,13.124462,0.0,6.022232,0.0,4.989119,1.868355,2.877728,0.734243,2.0,0.790771,1.0,2.766991,0.0,5.637201,0.0,6.249968,0.0,1.133529,1.0,25.922,0.0,1.4184,6.8997,9.48089,0.0,0.67263,4.0,0.734243,0.0,0.0,3.0,0.0,0.0,0.0,0.0,0.0,0.0,0.0,0.0,0.0,0.0,0.0,1.0,0.0,7
thelawala,7.2,15.063126,1.0,1.54206,0.0,7.989591,0.0,6.455676,3.0,1.203334,9.913015,3.896552,0.873654,8.0,1.818535,1.0,4.510174,0.0,5.599464,0.0,0.922527,1.0,2.846372,0.0,6.962,0.8184,0.1746,15.5705,3.288003,0.006738,0.4993,14.0,0.873654,1.0,1.0,9.0,0.0,0.0,0.0,0.0,0.0,0.0,0.0,0.0,0.0,0.0,0.0,0.0,1.0,1
thumbovila,8.8,15.493233,3.0,1.409618,0.0,8.644082,0.0,7.117028,1.0,1.99349,8.165674,4.379966,1.086997,3.0,1.505157,1.0,3.092509,0.0,4.19874,0.0,2.976458,0.0,3.465778,0.0,8.018,0.5983,0.5067,14.5349,6.082969,0.003267,0.65077,8.0,1.086997,3.0,0.0,4.0,0.0,0.0,0.0,1.0,0.0,0.0,0.0,0.0,0.0,0.0,0.0,0.0,0.0,9
thummodara,10.0,36.768456,2.0,1.722837,0.0,32.816008,0.0,23.515036,0.0,16.098666,20.979353,8.035347,8.579871,0.0,10.65965,0.0,9.158041,0.0,10.935836,0.0,19.784626,0.0,8.491171,0.0,127.015,0.0,0.0464,9.9327,62.090103,0.0,0.83384,2.0,1.722837,2.0,0.0,0.0,0.0,0.0,0.0,0.0,0.0,0.0,0.0,0.0,0.0,0.0,0.0,1.0,0.0,1
thunadahena,6.0,16.23886,3.0,1.892284,0.0,12.293118,0.0,3.184583,0.0,7.72983,2.179692,6.440816,2.156262,0.0,2.352203,0.0,3.597203,0.0,5.889038,0.0,6.854549,0.0,1.905235,1.0,14.362,0.0118,0.6126,3.5326,7.774868,0.105147,0.68569,4.0,1.892284,3.0,0.0,0.0,0.0,0.0,0.0,0.0,0.0,0.0,0.0,0.0,0.0,0.0,0.0,1.0,0.0,153
thunnana,10.0,27.299416,1.0,1.113578,0.0,23.350305,0.0,14.056944,0.0,7.974022,12.018805,4.540782,2.372249,0.0,2.845708,0.0,4.823656,0.0,10.552168,0.0,11.294482,0.0,4.873157,0.0,32.487,0.0,1.3879,2.9746,19.502095,0.017182,0.73817,1.0,1.113578,1.0,0.0,0.0,0.0,0.0,0.0,0.0,0.0,0.0,0.0,0.0,0.0,0.0,0.0,1.0,0.0,1
udahamulla,12.5,10.810412,4.0,0.817098,0.0,5.622065,0.0,3.131859,0.0,2.285687,6.885112,2.522083,0.705701,7.0,1.849886,2.0,1.041261,1.0,2.306794,0.0,0.592262,3.0,3.19108,0.0,16.146,0.0,1.1448,8.3861,10.446556,0.000181,0.53683,17.0,0.592262,4.0,4.0,9.0,0.0,0.0,0.0,0.0,0.0,0.0,0.0,0.0,0.0,0.0,0.0,1.0,0.0,8
udumulla,8.5,21.481129,4.0,0.510884,0.0,17.340553,0.0,9.036565,0.0,2.555561,5.774222,3.451884,3.474122,0.0,3.518967,0.0,4.396189,0.0,9.05272,0.0,10.238418,0.0,3.372019,0.0,17.477,0.0,0.1052,5.4444,6.538245,0.050583,0.66868,4.0,0.510884,4.0,0.0,0.0,0.0,0.0,0.0,0.0,0.0,0.0,0.0,0.0,1.0,0.0,0.0,0.0,0.0,2
uduwana,40.0,21.851621,2.0,1.880409,0.0,16.860481,0.0,11.55993,0.0,2.978528,3.52994,2.466831,1.977302,1.0,1.996268,1.0,3.07651,0.0,8.97774,0.0,9.429635,0.0,1.129536,1.0,22.268,0.001,1.8298,10.6711,8.043138,0.000416,0.68291,5.0,1.129536,2.0,0.0,2.0,0.0,0.0,0.0,0.0,0.0,0.0,0.0,0.0,0.0,0.0,0.0,1.0,0.0,3
udyanaya,9.5,9.341349,8.0,1.260884,0.0,2.330726,1.0,1.121468,0.0,3.433986,11.568225,1.581359,0.676645,8.0,1.192003,4.0,1.334228,1.0,2.291496,0.0,1.448665,2.0,1.837247,1.0,15.552,0.0,0.3069,10.5528,8.895633,0.0,0.43541,25.0,0.676645,9.0,3.0,12.0,0.0,0.0,0.0,0.0,0.0,0.0,0.0,0.0,0.0,0.0,0.0,1.0,0.0,1
uyana,13.0,16.874303,2.0,0.515986,0.0,9.80696,0.0,6.932528,0.0,2.7928,11.231004,1.308886,0.649236,10.0,0.657437,5.0,7.430838,0.0,8.200438,0.0,2.333017,0.0,5.147382,0.0,6.889,28.4751,0.447,18.1382,4.861101,0.000186,0.2783,17.0,0.515986,2.0,0.0,15.0,0.0,0.0,0.0,0.0,0.0,0.0,0.0,0.0,0.0,0.0,0.0,1.0,0.0,18
vihara,11.0,12.98326,3.0,0.70408,0.0,5.936531,0.0,4.350876,0.0,2.290535,12.456901,3.589548,0.470224,7.0,1.649938,2.0,5.401683,0.0,6.030075,0.0,0.386792,1.0,2.169901,0.0,8.368,18.9655,0.2307,14.6147,3.115142,4.9e-05,0.33038,13.0,0.386792,3.0,1.0,9.0,0.0,0.0,0.0,0.0,0.0,0.0,0.0,0.0,0.0,0.0,0.0,1.0,0.0,24
walawwatta,20.2,25.431019,4.0,1.424461,0.0,21.521951,0.0,12.089634,0.0,8.128491,10.28553,6.836221,0.890594,3.0,1.170594,2.0,5.527723,0.0,8.074815,0.0,8.785672,0.0,7.189927,0.0,12.581,0.6481,0.1416,0.8363,4.911064,0.061926,0.71549,9.0,0.890594,4.0,0.0,5.0,0.0,0.0,0.0,0.0,0.0,0.0,0.0,0.0,0.0,1.0,0.0,0.0,0.0,5
walpola,10.2,8.95143,3.0,0.876223,0.0,5.015056,0.0,2.759177,0.0,4.756469,5.827676,5.319914,1.162413,4.0,3.438258,0.0,0.798234,3.0,4.745753,0.0,1.795691,1.0,2.813609,0.0,14.289,0.5254,0.6238,3.2838,9.76995,0.0,0.58089,11.0,0.798234,3.0,4.0,4.0,0.0,0.0,0.0,0.0,0.0,0.0,0.0,0.0,0.0,0.0,0.0,1.0,0.0,1
watarappala,6.550000000000001,10.80644,5.0,0.499859,0.0,3.710014,0.0,2.120309,0.0,3.287397,12.110008,1.543634,0.33009,10.0,1.037224,3.0,3.129498,0.0,3.959748,0.0,0.92915,2.0,1.840551,1.0,9.511,1.5928,0.9638,12.3687,6.71821,0.0,0.39949,21.0,0.33009,5.0,2.0,13.0,0.0,0.0,0.0,0.0,0.0,0.0,0.5,0.0,0.0,0.0,0.0,0.5,0.0,4
watareka,8.0,26.352187,0.0,2.226964,0.0,22.100324,0.0,13.782913,0.0,4.717894,9.599941,2.806939,2.30763,0.0,6.578985,0.0,2.758579,0.0,12.278572,0.0,13.291182,0.0,3.098047,0.0,21.645,0.0,1.2559,6.366,8.777095,0.01387,0.70516,0.0,2.226964,0.0,0.0,0.0,0.0,0.0,0.0,0.0,0.0,0.0,0.0,0.0,0.0,0.0,0.0,0.0,1.0,29
wattegedara,14.0,12.640061,8.0,0.707899,0.0,6.706771,0.0,4.366044,1.0,1.627586,6.910915,0.944896,0.62168,10.0,0.558969,2.0,1.043335,1.0,0.531706,2.0,0.153046,3.0,4.060944,0.0,16.668,0.7123,0.984,10.5217,7.640086,0.003522,0.51844,27.0,0.153046,8.0,6.0,12.0,0.0,0.0,0.0,0.0,0.0,0.0,0.0,0.0,0.0,0.0,0.0,1.0,0.0,23
wedikanda,6.5,12.27602,2.0,1.239445,0.0,5.274509,0.0,3.707048,0.0,2.863496,12.811427,2.891886,0.469062,8.0,1.708526,1.0,4.876195,0.0,5.662257,0.0,0.755134,1.0,2.282805,0.0,9.889,35.0396,0.2025,14.1219,6.552416,2.1e-05,0.23799,12.0,0.469062,2.0,1.0,9.0,0.0,0.0,0.0,0.0,0.0,0.0,0.0,0.0,1.0,0.0,0.0,0.0,0.0,1
welipillewa,6.0,21.486181,1.0,0.470954,0.0,17.519141,0.0,8.493448,0.0,4.441141,6.06857,5.223823,4.763528,0.0,4.188385,0.0,4.646218,0.0,7.359085,0.0,8.507886,0.0,4.481373,0.0,20.091,0.0027,0.1857,3.6717,8.450987,0.072481,0.70345,1.0,0.470954,1.0,0.0,0.0,0.0,0.0,0.0,0.0,0.0,0.0,0.0,0.0,1.0,0.0,0.0,0.0,0.0,1
welivita,11.1,12.422631,0.0,2.354727,0.0,8.760445,0.0,2.002324,0.0,6.158881,1.759961,7.317221,2.668359,0.0,2.813901,0.0,1.478144,2.0,6.770369,0.0,5.67925,0.0,4.589487,0.0,8.499,2.7483,0.7418,0.7418,5.040872,0.010411,0.64338,2.0,1.478144,0.0,2.0,0.0,0.0,0.0,0.0,0.0,0.0,0.0,0.0,0.0,0.0,0.0,0.0,1.0,0.0,20
wellampitiya,6.9,5.680924,7.0,0.673929,0.0,2.635479,0.0,4.08097,0.0,4.512114,3.25758,1.691936,0.366119,5.0,0.719926,2.0,2.739191,0.0,2.674606,0.0,0.185477,3.0,1.809184,1.0,7.588,0.1399,0.1635,1.0463,5.528942,0.002907,0.46446,18.0,0.185477,7.0,3.0,7.0,0.0,0.0,0.0,0.0,0.0,0.0,0.0,0.0,0.0,0.0,0.0,1.0,0.0,13
wellawatta,14.5,6.843311,14.0,0.216554,2.0,0.055126,7.0,1.294435,0.0,2.66736,11.031512,2.340985,0.085623,19.0,0.153304,6.0,1.775244,1.0,0.279685,2.0,1.179535,1.0,0.931362,2.0,9.897,18.7152,0.5915,9.1043,6.857027,7.6e-05,0.26438,54.0,0.055126,23.0,4.0,25.0,0.0,0.0,0.0,0.0,0.0,0.0,0.0,0.0,0.0,0.0,0.0,0.0,0.0,10
weniwelkola,6.5,23.942297,0.0,2.130974,0.0,17.63806,0.0,9.366981,0.0,9.246311,1.595979,8.365197,4.433176,0.0,4.659419,0.0,1.88702,1.0,8.428422,0.0,6.108586,0.0,5.869436,0.0,15.668,0.0031,0.7568,16.9917,8.579017,0.000529,0.7297,1.0,1.595979,0.0,1.0,0.0,0.0,0.0,0.0,0.0,0.0,0.0,0.0,0.0,0.0,0.0,0.0,1.0,0.0,8
wennawatta,5.0,6.779421,6.0,0.568317,0.0,3.65813,0.0,4.400307,0.0,3.752611,3.148281,2.328513,1.166093,3.0,1.539294,1.0,2.608238,0.0,2.512277,0.0,1.299449,2.0,2.047833,0.0,5.707,1.6524,0.5422,0.5422,3.282888,0.000357,0.47112,12.0,0.568317,6.0,2.0,4.0,0.0,0.0,0.0,0.0,0.0,0.0,0.0,0.0,0.0,0.0,0.0,1.0,0.0,2
weragala,6.0,32.705667,1.0,0.642129,0.0,28.381897,0.0,20.04233,0.0,10.715039,15.483675,3.567307,3.427929,0.0,9.811253,0.0,3.600029,0.0,14.570111,0.0,18.413574,0.0,3.257713,0.0,36.878,0.0,2.4434,9.7417,12.916567,0.0,0.78568,1.0,0.642129,1.0,0.0,0.0,0.0,0.0,0.0,0.0,0.0,0.0,0.0,0.0,0.0,0.0,0.0,1.0,0.0,1
werahera,20.0,13.779899,0.0,2.143409,0.0,6.964476,0.0,5.411935,2.0,1.340599,8.557275,3.543558,1.173346,4.0,1.767541,1.0,2.26729,0.0,3.299116,0.0,2.845978,0.0,2.250986,0.0,8.561,1.7041,0.5526,13.318,7.272383,0.008639,0.63848,7.0,1.173346,0.0,0.0,5.0,0.0,0.0,0.0,0.0,0.0,0.0,0.0,0.0,0.0,0.0,0.0,1.0,0.0,1
wewala,12.9,16.426725,4.0,0.801928,0.0,9.459052,0.0,7.669289,1.0,0.982332,8.069877,4.214426,1.132466,3.0,1.414817,1.0,4.32449,0.0,5.404561,0.0,2.665467,0.0,3.344927,0.0,13.353,4.2348,0.859,15.7695,10.604504,0.011858,0.63323,9.0,0.801928,4.0,0.0,4.0,0.0,0.0,0.0,0.0,0.0,0.0,0.0,0.0,0.0,0.0,0.0,0.0,1.0,2
wickramasinghapura,18.5,12.253846,1.0,1.72679,0.0,7.866069,1.0,1.792602,0.0,4.332857,3.842955,4.142612,2.732922,0.0,3.009453,0.0,2.409391,0.0,0.778615,1.0,1.304572,2.0,2.620223,0.0,17.649,0.3686,0.382,6.2339,11.390442,0.000602,0.5948,5.0,0.778615,2.0,3.0,0.0,0.0,0.0,0.0,0.0,0.0,0.0,0.0,0.0,0.0,0.0,0.0,1.0,0.0,2
wijerama,15.5,11.428697,6.0,0.993577,0.0,5.462172,0.0,3.104676,0.0,2.838265,8.055666,2.082424,0.354725,10.0,1.361773,4.0,2.142917,0.0,1.66016,1.0,1.119551,4.0,2.977419,0.0,14.922,0.0104,0.7926,10.2019,9.033975,0.0,0.52245,25.0,0.354725,6.0,5.0,14.0,0.0,0.0,0.0,0.0,0.0,0.0,0.0,0.0,0.0,0.0,0.0,1.0,0.0,12
