address,modelled,ds_divisions,covered_2016,flooded_share_2016,covered_2018,flooded_share_2018,covered_2025,flooded_share_2025,dmc_years,dmc_n_years,dmc_ds_flood_records,events,max_share,indication
athurugiriya,True,Kaduwela,0.9849,0.0,1.0,0.0523,0.9979,0.0729,1989,1,66,3,0.0729,High
homagama,True,Homagama,0.0927,0.0,0.342,0.0,0.6575,0.0,1987 2005,2,15,2,0.0,Medium
kolamunna,True,Kesbewa,0.0,0.0,0.0,0.0,0.0,0.0,,0,17,0,0.0,No official record
nugegoda,True,Sri Jayawardanapura Kotte,1.0,0.0,1.0,0.0,0.3134,0.0,1995 1999 2006 2010,4,43,4,0.0,High
battaramulla,True,Kaduwela,1.0,0.0,1.0,0.0,1.0,0.0,,0,66,0,0.0,Low
thalawathugoda,True,Maharagama,1.0,0.0,1.0,0.0,1.0,0.0,2010,1,14,1,0.0,Medium
kottawa,True,Maharagama,0.2202,0.0,0.36,0.0,0.6805,0.0,,0,14,0,0.0,Low
malabe,True,Kaduwela,1.0,0.3559,1.0,0.187,1.0,0.1898,2005 2006,2,66,5,0.3559,High
moratuwella,True,Moratuwa,0.0,0.0,0.0,0.0,0.0,0.0,,0,20,0,0.0,No official record
dehiwala,True,Dehiwala,0.2573,0.0,0.9137,0.0,0.0,0.0,1992,1,10,1,0.0,Medium
boralesgamuwa,True,Kesbewa,0.0,0.0,0.0,0.0,0.0,0.0,2010,1,17,1,0.0,Medium
pannipitiya,True,Maharagama,0.0,0.0,0.0,0.0,0.9774,0.0,2010,1,14,1,0.0,Medium
thunadahena,True,Kaduwela,1.0,0.0251,1.0,0.2556,1.0,0.3093,2006 2007 2010,3,66,6,0.3093,High
pitakotte,True,Sri Jayawardanapura Kotte,1.0,0.0,1.0,0.0,1.0,0.0,1995 2010,2,43,2,0.0,Medium
maharagama,True,Maharagama,0.0825,0.0,0.1871,0.0,0.5823,0.0,,0,14,0,0.0,Low
kaduwela,True,Kaduwela,1.0,0.7442,1.0,0.2628,1.0,0.5969,2005 2006,2,66,5,0.7442,High
kothalawala,True,Kaduwela,1.0,0.4761,1.0,0.4044,1.0,0.3089,2005 2006,2,66,5,0.4761,High
rajagiriya,True,Sri Jayawardanapura Kotte,1.0,0.0,1.0,0.0,0.4011,0.0,1992 2005 2006 2010,4,43,4,0.0,High
habarakada,True,Homagama,1.0,0.0,1.0,0.3366,1.0,0.3047,,0,15,2,0.3366,High
nawala,True,Sri Jayawardanapura Kotte,1.0,0.0,1.0,0.0,0.2754,0.0,1995 2002 2010,3,43,3,0.0,High
halpita,True,Kesbewa,0.0,0.0,0.0,0.0,0.0,0.0,,0,17,0,0.0,No official record
meegoda,True,Homagama,0.5387,0.0,0.863,0.0443,1.0,0.1079,,0,15,2,0.1079,Medium
diyagama,True,Homagama,0.0,0.0,0.0,0.0,0.0,0.0,2006,1,15,1,0.0,Medium
mount lavinia,True,Ratmalana,0.0,0.0,0.0,0.0,0.0,0.0,2010,1,27,1,0.0,Medium
mattegoda,True,Homagama,0.0,0.0,0.0,0.0,0.0,0.0,,0,15,0,0.0,No official record
padukka,True,Padukka,0.0,0.0,0.0,0.0,1.0,0.2604,,0,7,1,0.2604,High
kahathuduwa,True,Homagama,0.0,0.0,0.0,0.0,0.0,0.0,1992 2005 2006,3,15,3,0.0,High
pitipana,True,Homagama,0.0,0.0,0.0,0.0,0.0,0.0,,0,15,0,0.0,No official record
panagoda,True,Homagama,0.4286,0.0,0.72,0.0,0.9308,0.0704,2006,1,15,2,0.0704,Medium
kiriwattuduwa,True,Homagama,0.0,0.0,0.0,0.0,0.0,0.0,2006,1,15,1,0.0,Medium
hokandara,True,Kaduwela,1.0,0.125,1.0,0.0473,0.9993,0.0622,2005 2006,2,66,5,0.125,High
avissawella,True,Seethawaka,0.0,0.0,0.0,0.0,1.0,0.0,1974 1976 1977 1989,4,26,4,0.0,High
nawagamuwa,True,Kaduwela,1.0,0.1555,1.0,0.3263,1.0,0.5518,1984 2005 2006,3,66,6,0.5518,High
havelock town,True,Thimbirigasyaya,1.0,0.0,1.0,0.0,0.0,0.0,,0,40,0,0.0,Low
rukmale,True,Maharagama,0.2742,0.0,0.6566,0.0,0.089,0.0,,0,14,0,0.0,Low
rathmalana,True,Ratmalana,0.0,0.0,0.0,0.0,0.0,0.0,1992 2005 2010,3,27,3,0.0,High
kalalgoda,True,Maharagama,1.0,0.0,1.0,0.0,1.0,0.0,,0,14,0,0.0,Low
kesbewa,True,Kesbewa,0.0,0.0,0.0,0.0,0.0,0.0,2005,1,17,1,0.0,Medium
thalahena,True,Kaduwela,1.0,0.3487,1.0,0.1991,1.0,0.1939,2005,1,66,4,0.3487,High
koswatta,True,Seethawaka; Sri Jayawardanapura Kotte,0.8766,0.0,0.4614,0.0,0.7315,0.0,2002 2010,2,69,2,0.0,Medium
bokundara,True,Kesbewa,0.0,0.0,0.0,0.0,0.0,0.0,2006 2010,2,17,2,0.0,Medium
kohuwala,True,Dehiwala,0.9366,0.0,1.0,0.0,0.0,0.0,,0,10,0,0.0,Low
makumbura,True,Maharagama,0.0,0.0,0.0,0.0,0.0,0.0,,0,14,0,0.0,No official record
depanama,True,Maharagama,0.4214,0.0,0.754,0.0,1.0,0.0,,0,14,0,0.0,Low
godagama,True,Homagama,0.0,0.0,0.0836,0.0,0.7369,0.0,,0,15,0,0.0,Low
kalubovila,True,Dehiwala,1.0,0.0,1.0,0.0,0.0,0.0,,0,10,0,0.0,Low
rattanapitiya,True,Kesbewa,0.0,0.0,0.0,0.0,0.0,0.0,2009,1,17,1,0.0,Medium
mirihana,True,Maharagama,1.0,0.0,1.0,0.0,0.9793,0.0,2010,1,14,1,0.0,Medium
rathmaldeniya,True,Kesbewa,0.0,0.0,0.0,0.0,0.0629,0.0,,0,17,0,0.0,No official record
watareka,True,Homagama,0.1029,0.0,0.2512,0.1223,1.0,0.2554,,0,15,2,0.2554,High
shanthalokagama,True,Kaduwela,1.0,0.0,1.0,0.0833,1.0,0.1179,,0,66,2,0.1179,Medium
pepiliyana,True,Kesbewa,0.172,0.0,0.8289,0.0,0.0,0.0,,0,17,0,0.0,Low
vihara,True,Ratmalana,0.0,0.0,0.0,0.0,0.0,0.0,,0,27,0,0.0,No official record
wattegedara,True,Maharagama,0.0,0.0,0.0,0.0,0.0,0.0,,0,14,0,0.0,No official record
welivita,True,Kaduwela,1.0,0.7658,1.0,0.5614,1.0,0.7492,2005 2006,2,66,5,0.7658,High
belagama,True,Kolonnawa,1.0,0.9456,1.0,0.0,1.0,0.7641,2010,1,81,3,0.9456,High
beruketiya,True,Padukka,0.0,0.0,0.0,0.0,0.2619,0.0,,0,7,0,0.0,No official record
borella,True,Thimbirigasyaya,1.0,0.0,1.0,0.0,0.5119,0.0,1992 1999 2002 2010,4,40,4,0.0,High
mahalwarawa,True,Kesbewa,0.0,0.0,0.0,0.0,0.0,0.0,,0,17,0,0.0,No official record
uyana,True,Moratuwa,0.0,0.0,0.0,0.0,0.0,0.0,,0,20,0,0.0,No official record
malapalla,True,Maharagama,0.0,0.0,0.0,0.0,0.0,0.0,,0,14,0,0.0,No official record
arangala,True,Kaduwela,1.0,0.1031,1.0,0.0,1.0,0.0,,0,66,1,0.1031,Medium
pothuarawa,True,Kaduwela,1.0,0.0,1.0,0.0,1.0,0.0,,0,66,0,0.0,Low
hanwella,True,Seethawaka,1.0,0.5454,1.0,0.2337,1.0,0.745,1984 1985 1989 2005,4,26,7,0.745,High
polwatta,True,Maharagama,0.5292,0.0,0.9776,0.0,1.0,0.0,,0,14,0,0.0,Low
madiwela,True,Maharagama,1.0,0.0,1.0,0.0,1.0,0.0,,0,14,0,0.0,Low
subhoothipura,True,Kaduwela,1.0,0.0,1.0,0.0,1.0,0.0,,0,66,0,0.0,Low
kalu aggala,True,Seethawaka,1.0,0.0149,1.0,0.0765,1.0,0.2407,2005,1,26,4,0.2407,High
boralugoda,True,Kaduwela,1.0,0.0,1.0,0.0,0.9623,0.1821,,0,66,1,0.1821,Medium
ethulkotte,True,Sri Jayawardanapura Kotte,1.0,0.0,1.0,0.0,1.0,0.0,2010,1,43,1,0.0,Medium
wellampitiya,True,Kolonnawa,1.0,0.9667,1.0,0.8694,1.0,0.2914,1980 1984 1991 2008 2010,5,81,8,0.9667,High
atigala,True,Homagama,1.0,0.4254,1.0,0.4846,1.0,0.6636,,0,15,3,0.6636,High
rilawala,True,Homagama,0.0,0.0,0.0,0.0,0.0,0.0,,0,15,0,0.0,No official record
neelammahara,True,Kesbewa,0.0,0.0,0.0,0.0,0.0,0.0,,0,17,0,0.0,No official record
wellawatta,True,Thimbirigasyaya,1.0,0.0,1.0,0.0,0.0,0.0,2010,1,40,1,0.0,Medium
wijerama,True,Maharagama,0.0,0.0,0.3873,0.0,0.0,0.0,,0,14,0,0.0,No official record
bellanvila,True,Kesbewa,0.0,0.0,0.0,0.0,0.0,0.0,,0,17,0,0.0,No official record
henpita,True,Homagama,1.0,0.7561,1.0,0.1106,1.0,0.6493,,0,15,3,0.7561,High
katuwawala,True,Kesbewa,0.0,0.0,0.0,0.0,0.0,0.0,,0,17,0,0.0,No official record
thalapathpitiya,True,Maharagama,1.0,0.0,1.0,0.0,1.0,0.0,,0,14,0,0.0,Low
thumbovila,True,Kesbewa,0.0,0.0,0.0,0.0,0.0,0.0,2010,1,17,1,0.0,Medium
weniwelkola,True,Homagama,0.0,0.0,0.0,0.0,0.0,0.0,,0,15,0,0.0,No official record
pore,True,Kaduwela,1.0,0.0,1.0,0.0214,1.0,0.1759,,0,66,2,0.1759,Medium
maradana,True,Colombo,1.0,0.0,1.0,0.0,0.0,0.0,2010,1,64,1,0.0,Medium
udahamulla,True,Maharagama,1.0,0.0,1.0,0.0,0.897,0.0,,0,14,0,0.0,Low
attidiya,True,Ratmalana,0.0,0.0,0.0,0.0,0.0,0.0,2005 2010,2,27,2,0.0,Medium
gothatuwa,True,Kolonnawa,1.0,0.0751,1.0,0.0,1.0,0.1228,2010,1,81,3,0.1228,High
makuludoowa,True,Kesbewa,0.0,0.0,0.0,0.0,0.0,0.0,,0,17,0,0.0,No official record
mattakkuliya,True,Colombo,1.0,0.0809,1.0,0.0,0.3092,0.1106,2010,1,64,3,0.1106,High
navinna,True,Maharagama,0.0685,0.0,0.5339,0.0,0.0,0.0,,0,14,0,0.0,Low
pahalawela,True,Kaduwela,1.0,0.0,1.0,0.0,1.0,0.0,,0,66,0,0.0,Low
pamunuwa,True,Maharagama,0.536,0.0,0.8897,0.0,1.0,0.0,,0,14,0,0.0,Low
piriwena,True,Ratmalana,0.0,0.0,0.0,0.0,0.0,0.0,2005,1,27,1,0.0,Medium
kirulapone,True,Thimbirigasyaya,1.0,0.0,1.0,0.0,0.0,0.0,1980 1992 1999,3,40,3,0.0,High
kudamaduwa,True,Homagama,0.0,0.0,0.0,0.0,0.0,0.0,,0,15,0,0.0,No official record
nedimala,True,Dehiwala,0.0632,0.0,0.3952,0.0,0.0,0.0,,0,10,0,0.0,No official record
pathiragoda,True,Maharagama,0.4183,0.0,0.8784,0.0,0.5618,0.0,,0,14,0,0.0,Low
thaldiyawala,True,Kaduwela,1.0,0.0,1.0,0.0,0.9614,0.0,2006,1,66,1,0.0,Medium
himbutana,True,Kolonnawa,1.0,0.0,1.0,0.0,1.0,0.0,,0,81,0,0.0,Low
katubedda,True,Moratuwa,0.0,0.0,0.0,0.0,0.0,0.0,2005,1,20,1,0.0,Medium
kolonnawa,True,Kolonnawa,1.0,0.6845,1.0,0.0,1.0,0.54,1980 1989 1991 2008 2010,5,81,7,0.6845,High
magammana,True,Homagama,0.0,0.0,0.0,0.0,0.0,0.0,2006,1,15,1,0.0,Medium
narahenpita,True,Thimbirigasyaya,1.0,0.0,1.0,0.0,0.0,0.0,1994 2010,2,40,2,0.0,Medium
oruwala,True,Kaduwela,1.0,0.0,1.0,0.2337,1.0,0.2173,,0,66,2,0.2337,Medium
dematagoda,True,Thimbirigasyaya,1.0,0.0,1.0,0.0,1.0,0.0,1977 1980 1991 1993 2010,5,40,5,0.0,High
divulpitiya,True,Kesbewa,0.0,0.0,0.139,0.0,0.0,0.0,2009,1,17,1,0.0,Medium
egodawatta,True,Kesbewa,0.0,0.0,0.0,0.0,0.0,0.0,,0,17,0,0.0,No official record
kosgama,True,Seethawaka,1.0,0.0,0.6652,0.0,1.0,0.0198,,0,26,1,0.0198,Medium
madapatha,True,Kesbewa,0.0,0.0,0.0,0.0,0.0,0.0,,0,17,0,0.0,No official record
pahathgama,True,Seethawaka,1.0,0.0338,1.0,0.1785,1.0,0.4446,,0,26,3,0.4446,High
siyambalagoda,True,Homagama,0.0,0.0,0.0,0.0,0.0,0.0,,0,15,0,0.0,No official record
thalangama,True,Kaduwela,1.0,0.1071,1.0,0.0133,1.0,0.0259,2005 2007,2,66,5,0.1071,High
walawwatta,True,Seethawaka,1.0,0.5729,1.0,0.5736,1.0,0.8789,,0,26,3,0.8789,High
dutugemunu,True,Dehiwala,1.0,0.0,1.0,0.0,0.0,0.0,,0,10,0,0.0,Low
galavilawatta,True,Homagama,0.0,0.0,0.0,0.0,0.0004,0.0,,0,15,0,0.0,No official record
grandpass,True,Colombo,1.0,0.0,1.0,0.0,1.0,0.0,1992 1999 2006 2010,4,64,4,0.0,High
jambugasmulla,True,Maharagama,0.8659,0.0,1.0,0.0,0.0,0.0,,0,14,0,0.0,Low
katuwana,True,Homagama,0.0,0.0,0.0,0.0,0.0,0.0,,0,15,0,0.0,No official record
malwatta,True,Dehiwala,0.0,0.0,0.1915,0.0,0.0,0.0,,0,10,0,0.0,No official record
mullegama,True,Homagama,1.0,0.0,1.0,0.0732,1.0,0.3016,,0,15,2,0.3016,High
mulleriyawa,True,Kolonnawa,1.0,0.9124,1.0,0.0,1.0,0.841,2010,1,81,3,0.9124,High
ranala,True,Kaduwela,1.0,0.4149,1.0,0.1728,1.0,0.7422,1984 2005,2,66,5,0.7422,High
watarappala,True,Ratmalana,0.0,0.0,0.0,0.0,0.0,0.0,,0,27,0,0.0,No official record
ambathale,True,Kolonnawa,1.0,0.789,1.0,0.1703,1.0,1.0,1984 1989 1992 2008 2010,5,81,8,1.0,High
kalapaluwawa,True,Kaduwela,1.0,0.0,1.0,0.0,1.0,0.0,2006 2007,2,66,2,0.0,Medium
kaldemulla,True,Moratuwa,0.0,0.0,0.0,0.0,0.0,0.0,,0,20,0,0.0,No official record
kawdana,True,Dehiwala; Ratmalana,0.0,0.0,0.0,0.0,0.0,0.0,,0,37,0,0.0,No official record
kirigampamunuwa,True,Homagama,0.0,0.0,0.0,0.0,0.0,0.0,,0,15,0,0.0,No official record
kotahena,True,Colombo,1.0,0.0,1.0,0.0,0.4602,0.0,2010,1,64,1,0.0,Medium
kotikawatta,True,Kolonnawa,1.0,0.9045,1.0,0.0,1.0,0.7209,1992 2008 2010,3,81,5,0.9045,High
siddamulla,True,Homagama,0.0,0.0,0.0,0.0,0.0,0.0,,0,15,0,0.0,No official record
sri saranankara,True,Dehiwala,1.0,0.0,1.0,0.0,0.0,0.0,,0,10,0,0.0,Low
uduwana,True,Homagama,0.0,0.0,0.0,0.0,0.0,0.0,2006,1,15,1,0.0,Medium
borupana,True,Moratuwa,0.0,0.0,0.0,0.0,0.0,0.0,2004,1,20,1,0.0,Medium
dampe,True,Kesbewa; Padukka,0.0,0.0,0.0,0.0,0.1935,0.0,,0,24,0,0.0,No official record
fort,True,Colombo,0.022,0.0,0.3411,0.0,0.0,0.0,,0,64,0,0.0,No official record
gangodavila,True,Maharagama; Sri Jayawardanapura Kotte,0.7108,0.0,0.919,0.0,0.0489,0.0,2009 2010,2,57,2,0.0,Medium
henawatta,True,Homagama,0.5656,0.0,0.8286,0.0,1.0,0.0442,,0,15,1,0.0442,Medium
honnanthara,True,Kesbewa,0.0,0.0,0.0,0.0,0.0,0.0,,0,17,0,0.0,No official record
idama,True,Moratuwa,0.0,0.0,0.0,0.0,0.0,0.0,,0,20,0,0.0,No official record
kahapola,True,Kesbewa,0.0,0.0,0.0,0.0,0.0,0.0,,0,17,0,0.0,No official record
kajugahawatta,True,Kolonnawa,1.0,0.0118,1.0,0.0,1.0,0.0,,0,81,1,0.0118,Medium
koralawella,True,Moratuwa,0.0,0.0,0.0,0.0,0.0,0.0,,0,20,0,0.0,No official record
kumaragewatta,True,Kaduwela,1.0,0.0,1.0,0.0,1.0,0.0,,0,66,0,0.0,Low
kurunduwatta,True,Homagama; Thimbirigasyaya,0.757,0.0,0.757,0.0,0.1951,0.0,1992,1,55,1,0.0,Medium
madulawa,True,Padukka,0.0,0.0,0.0,0.0,1.0,0.0,,0,7,0,0.0,Low
maligagodella,True,Kolonnawa,1.0,0.5668,1.0,0.3488,1.0,0.3816,2005,1,81,4,0.5668,High
sedawatta,True,Kolonnawa,1.0,0.7188,1.0,0.1545,1.0,0.9971,1989 1990 1992 1996 2008 2010,6,81,9,0.9971,High
suwarapola,True,Kesbewa,0.0,0.0,0.0,0.0,0.0,0.0,,0,17,0,0.0,No official record
udumulla,True,Kaduwela; Kolonnawa; Padukka,0.4312,0.2015,0.4312,0.1251,1.0,0.2058,2005 2010,2,154,5,0.2058,High
wennawatta,True,Kolonnawa,1.0,0.9902,1.0,0.842,1.0,1.0,2010,1,81,4,1.0,High
wewala,True,Kesbewa,0.0,0.0,0.0,0.0,0.0,0.0,,0,17,0,0.0,No official record
wickramasinghapura,True,Kaduwela,1.0,0.0,1.0,0.0,1.0,0.0,,0,66,0,0.0,Low
angampitiya,True,Padukka,0.0,0.0,0.0048,0.0,1.0,0.0,,0,7,0,0.0,Low
asiri uyana,True,Kaduwela,1.0,0.0,1.0,0.0,1.0,0.0,,0,66,0,0.0,Low
batakettara,True,Kesbewa,0.0,0.0,0.0,0.0,0.0,0.0,,0,17,0,0.0,No official record
bomiriya,True,Kaduwela,1.0,0.4079,1.0,0.2835,1.0,0.538,1989 2005 2006 2010,4,66,7,0.538,High
bopetta,True,Kolonnawa,1.0,0.8629,1.0,0.0,1.0,0.6989,,0,81,2,0.8629,High
dedigamuwa,True,Kaduwela,1.0,0.0,1.0,0.0765,1.0,0.2855,2005 2006,2,66,4,0.2855,High
diddeniya,True,Seethawaka,1.0,0.0,1.0,0.0,1.0,0.0057,,0,26,0,0.0057,Low
galwala,True,Dehiwala,0.9325,0.0,1.0,0.0,0.0,0.0,,0,10,0,0.0,Low
gorakapitiya,True,Kesbewa,0.0,0.0,0.0,0.0,0.0,0.0,,0,17,0,0.0,No official record
hewagama,True,Kaduwela,1.0,0.352,1.0,0.0414,1.0,0.2673,,0,66,3,0.352,High
jalthara,True,Homagama,1.0,0.2526,1.0,0.1632,1.0,0.3468,,0,15,3,0.3468,High
karagampitiya,True,Dehiwala,0.0,0.0,0.0,0.0,0.0,0.0,,0,10,0,0.0,No official record
kelanimulla,True,Kolonnawa,1.0,0.9248,1.0,0.1449,1.0,0.9937,2008,1,81,4,0.9937,High
kotuvila,True,Kolonnawa,1.0,0.968,1.0,0.9336,1.0,1.0,1989 1996 2008 2010,4,81,7,1.0,High
lakshapathiya,True,Moratuwa,0.0,0.0,0.0,0.0,0.0,0.0,2006,1,20,1,0.0,Medium
liyanagoda,True,Maharagama,0.5329,0.0,0.8883,0.0,1.0,0.0,,0,14,0,0.0,Low
madampitiya,True,Colombo,1.0,0.3429,1.0,0.0,1.0,0.2656,2006 2010,2,64,4,0.3429,High
mahadeniya,True,Kaduwela,1.0,0.3235,1.0,0.1518,1.0,0.4202,2006 2007,2,66,5,0.4202,High
mahawatta,True,Colombo,1.0,0.2368,1.0,0.0,1.0,0.0777,2006 2010,2,64,4,0.2368,High
mawathgama,True,Homagama,0.0,0.0,0.0,0.0,0.0,0.0,,0,15,0,0.0,No official record
molpe,True,Moratuwa,0.0,0.0,0.0,0.0,0.0,0.0,2004,1,20,1,0.0,Medium
nawalamulla,True,Homagama,1.0,0.0,1.0,0.0,1.0,0.1423,,0,15,1,0.1423,Medium
pagoda,True,Sri Jayawardanapura Kotte,1.0,0.0,1.0,0.0,0.6853,0.0,2010,1,43,1,0.0,Medium
paligedara,True,Kesbewa,0.0,0.0,0.0,0.0,0.0,0.0,,0,17,0,0.0,No official record
salamulla,True,Kolonnawa,1.0,0.2704,1.0,0.0,1.0,0.0469,2010,1,81,3,0.2704,High
thelawala,True,Moratuwa,0.0,0.0,0.0,0.0,0.0,0.0,2004,1,20,1,0.0,Medium
thummodara,True,Padukka,0.8326,0.0,0.0,0.0,1.0,0.0,,0,7,0,0.0,Low
thunnana,True,Seethawaka,1.0,0.0,1.0,0.297,1.0,0.378,,0,26,2,0.378,High
udyanaya,True,Dehiwala,0.1553,0.0,0.6994,0.0,0.0,0.0,,0,10,0,0.0,Low
walpola,True,Kaduwela,1.0,0.0001,1.0,0.0,1.0,0.0,,0,66,0,0.0001,Low
wedikanda,True,Ratmalana,0.0,0.0,0.0,0.0,0.0,0.0,2005,1,27,1,0.0,Medium
welipillewa,True,Kaduwela,1.0,0.0,1.0,0.0625,1.0,0.2271,,0,66,2,0.2271,Medium
weragala,True,Padukka,0.0,0.0,0.0,0.0,1.0,0.0,,0,7,0,0.0,Low
werahera,True,Kesbewa,0.0,0.0,0.0,0.0,0.0,0.0,,0,17,0,0.0,No official record
bambalapitiya,False,Thimbirigasyaya,0.9801,0.0,1.0,0.0,0.0,0.0,,0,40,0,0.0,Low
ganegoda,False,Padukka,0.0,0.0,0.0,0.0,1.0,0.0,,0,7,0,0.0,Low
maligakanda,False,Colombo,1.0,0.0,1.0,0.0,0.542,0.0,2010,1,64,1,0.0,Medium
modara,False,Colombo,1.0,0.0,1.0,0.0,0.413,0.0,1992 2006 2010,3,64,3,0.0,High
neluwattuduwa,False,Seethawaka,1.0,0.0,1.0,0.1058,1.0,0.0955,,0,26,2,0.1058,Medium
seethawaka,False,Seethawaka,0.0,0.0,0.0,0.0,1.0,0.0,2010,1,26,1,0.0,Medium
slave island,False,Colombo,0.46,0.0,1.0,0.0,0.0,0.0,,0,64,0,0.0,Low
sammanthranapura,False,Colombo,1.0,0.2149,1.0,0.0,0.0,0.0,,0,64,1,0.2149,Medium
aluthmawatha,False,Colombo,1.0,0.0,1.0,0.0,0.3948,0.0,2010,1,64,1,0.0,Medium
lunupokuna,False,Colombo,1.0,0.0,1.0,0.0,0.0109,0.0,1992 2006 2010,3,64,3,0.0,High
bloemendhal,False,Colombo,1.0,0.0081,1.0,0.0,0.9824,0.0,2010,1,64,1,0.0081,Medium
kochchikade north,False,Colombo,1.0,0.0,1.0,0.0,0.0,0.0,,0,64,0,0.0,Low
jinthupitiya,False,Colombo,1.0,0.0,1.0,0.0,0.1998,0.0,,0,64,0,0.0,Low
masangasweediya,False,Colombo,1.0,0.0,1.0,0.0,0.7126,0.0,,0,64,0,0.0,Low
new bazaar,False,Colombo,1.0,0.0,1.0,0.0,1.0,0.0,2010,1,64,1,0.0,Medium
nawagampura,False,Colombo,1.0,0.0,1.0,0.0,1.0,0.0,1991 2006 2010,3,64,3,0.0,High
maligawatta east,False,Colombo,1.0,0.0,1.0,0.0,1.0,0.0,1977 1980 1991 1992 2002 2007,6,64,6,0.0,High
khettarama,False,Colombo,1.0,0.0,1.0,0.0,1.0,0.0,1992 2005 2006 2010,4,64,4,0.0,High
aluthkade east,False,Colombo,1.0,0.0,1.0,0.0,0.8945,0.0,2010,1,64,1,0.0,Medium
aluthkade west,False,Colombo,1.0,0.0,1.0,0.0,0.0158,0.0,,0,64,0,0.0,Low
kochchikade south,False,Colombo,1.0,0.0,1.0,0.0,0.0,0.0,2010,1,64,1,0.0,Medium
pettah,False,Colombo,0.794,0.0,1.0,0.0,0.0,0.0,1992,1,64,1,0.0,Medium
galle face,False,Colombo,0.0143,0.0,1.0,0.0,0.0,0.0,,0,64,0,0.0,Low
hunupitiya,False,Colombo,0.9926,0.0,1.0,0.0,0.0,0.0,2010,1,64,1,0.0,Medium
suduwella,False,Colombo,1.0,0.0,1.0,0.0,0.0,0.0,2010,1,64,1,0.0,Medium
keselwatta,False,Colombo,1.0,0.0,1.0,0.0,0.0466,0.0,,0,64,0,0.0,Low
panchikawatta,False,Colombo,1.0,0.0,1.0,0.0,0.4856,0.0,1991 2010,2,64,2,0.0,Medium
maligawatta west,False,Colombo,1.0,0.0,1.0,0.0,0.9172,0.0,1977 1980 1991 1992 2002 2007 2010,7,64,7,0.0,High
ibbanwala,False,Colombo,1.0,0.0,1.0,0.0,0.0,0.0,,0,64,0,0.0,Low
wekanda,False,Colombo,0.8348,0.0,1.0,0.0,0.0,0.0,,0,64,0,0.0,Low
wadulla,False,Kolonnawa,1.0,0.5037,1.0,0.0182,1.0,0.0108,2010,1,81,4,0.5037,High
halmulla,False,Kolonnawa,1.0,0.7069,1.0,0.5295,1.0,1.0,2008,1,81,4,1.0,High
veheragoda,False,Kolonnawa,1.0,0.9997,1.0,0.6369,1.0,0.8984,1993 2010,2,81,5,0.9997,High
orugodawatta,False,Kolonnawa,1.0,0.2541,1.0,0.1233,1.0,0.0,2008 2010,2,81,4,0.2541,High
meethotamulla,False,Kolonnawa,1.0,0.3833,1.0,0.0,1.0,0.0,1991 2010,2,81,3,0.3833,High
welewatta,False,Kolonnawa,1.0,1.0,1.0,1.0,1.0,0.9994,1992 1993 2008 2010,4,81,7,1.0,High
kittampahuwa,False,Kolonnawa,1.0,0.9108,1.0,0.8262,1.0,0.9999,2010,1,81,4,0.9999,High
maha buthgamuwa b,False,Kolonnawa,1.0,0.9048,1.0,0.5614,1.0,1.0,,0,81,3,1.0,High
kuda buthgamuwa,False,Kolonnawa,1.0,0.905,1.0,0.1318,1.0,0.7668,,0,81,3,0.905,High
maha buthgamuwa a,False,Kolonnawa,1.0,0.7374,1.0,0.0,1.0,0.7273,,0,81,2,0.7374,High
maha buthgamuwa c,False,Kolonnawa,1.0,0.9628,1.0,0.1124,1.0,1.0,2010,1,81,4,1.0,High
kuruniyawatta,False,Kolonnawa,1.0,0.8678,1.0,0.3948,1.0,0.6873,2008 2010,2,81,5,0.8678,High
dahampura,False,Kolonnawa,1.0,0.5911,1.0,0.0886,1.0,0.0,2010,1,81,3,0.5911,High
singhapura,False,Kolonnawa,1.0,0.9595,1.0,0.0,1.0,0.2406,2010,1,81,3,0.9595,High
batalandahena,False,Kolonnawa,1.0,0.8215,1.0,0.0,1.0,0.6278,,0,81,2,0.8215,High
malgama,False,Kolonnawa,1.0,0.3639,1.0,0.0,1.0,0.4503,,0,81,2,0.4503,High
rajasinghagama,False,Kolonnawa,1.0,0.5501,1.0,0.1787,1.0,0.3095,,0,81,3,0.5501,High
malpura,False,Kolonnawa,1.0,0.3358,1.0,0.0,1.0,0.2753,,0,81,2,0.3358,High
wijayapura,False,Kolonnawa,1.0,0.0557,1.0,0.0,1.0,0.0,2010,1,81,2,0.0557,Medium
gajabapura,False,Kolonnawa,1.0,0.0,1.0,0.0,1.0,0.0,,0,81,0,0.0,Low
madinnagoda,False,Kolonnawa,1.0,0.0,1.0,0.0,1.0,0.0,2010,1,81,1,0.0,Medium
elhena,False,Kolonnawa,1.0,0.0,1.0,0.0,1.0,0.0,,0,81,0,0.0,Low
dodamgahahena,False,Kolonnawa,1.0,0.0,1.0,0.0,1.0,0.0,,0,81,0,0.0,Low
raggahawatta,False,Kaduwela,1.0,0.5225,1.0,0.4629,1.0,0.6846,2005,1,66,4,0.6846,High
wekewatta,False,Kaduwela,1.0,0.6583,1.0,0.5058,1.0,0.5889,1984 2005 2006,3,66,6,0.6583,High
welihinda,False,Kaduwela,1.0,0.4699,1.0,0.4722,1.0,0.5561,2005 2006,2,66,5,0.5561,High
korathota,False,Kaduwela,1.0,0.1039,1.0,0.1527,1.0,0.2676,,0,66,3,0.2676,High
batewela,False,Kaduwela,1.0,0.0,1.0,0.2076,1.0,0.4866,,0,66,2,0.4866,High
embilladeniya,False,Kaduwela,1.0,0.0,1.0,0.0507,1.0,0.2096,2005,1,66,3,0.2096,High
muttettugoda,False,Kaduwela,1.0,0.0485,1.0,0.0,1.0,0.0,,0,66,1,0.0485,Medium
kotuwegoda,False,Kaduwela,1.0,0.0,1.0,0.0,1.0,0.0,2006 2007 2010,3,66,3,0.0,High
batapotha,False,Kaduwela,1.0,0.0,1.0,0.0,1.0,0.0,2005,1,66,1,0.0,Medium
evarihena,False,Kaduwela,1.0,0.0,1.0,0.0,1.0,0.0,2006,1,66,1,0.0,Medium
jayawadanagama,False,Kaduwela,1.0,0.0,1.0,0.0,1.0,0.0,,0,66,0,0.0,Low
aruppitiya,False,Kaduwela,1.0,0.0,1.0,0.0,1.0,0.0,,0,66,0,0.0,Low
rajamalwatta,False,Kaduwela,1.0,0.0,1.0,0.0,1.0,0.0,,0,66,0,0.0,Low
wellangiriya,False,Kaduwela,1.0,0.0,1.0,0.0,1.0,0.0,,0,66,0,0.0,Low
batawala,False,Homagama,1.0,0.0,1.0,0.0001,1.0,0.2197,,0,15,1,0.2197,Medium
walpita,False,Homagama,1.0,0.0,1.0,0.0,1.0,0.3416,,0,15,1,0.3416,High
meegasmulla,False,Homagama,1.0,0.0,1.0,0.0401,1.0,0.1981,,0,15,2,0.1981,Medium
panaluwa,False,Homagama,0.9704,0.0,1.0,0.4741,1.0,0.3503,,0,15,2,0.4741,High
habarakada watta,False,Homagama,0.9715,0.0,1.0,0.0,1.0,0.0,,0,15,0,0.0,Low
gehenuwala,False,Homagama,0.0,0.0,0.0,0.0,1.0,0.0,,0,15,0,0.0,Low
ovitigama,False,Homagama,0.0,0.0,0.0,0.0,0.8312,0.0,,0,15,0,0.0,Low
kandanawatta,False,Homagama,0.0,0.0,0.0,0.0,0.0,0.0,,0,15,0,0.0,No official record
kiriberiyakele,False,Homagama,0.0,0.0,0.0,0.0,0.0,0.0,,0,15,0,0.0,No official record
niyandagala,False,Homagama,0.0,0.0,0.0,0.0,0.0,0.0,,0,15,0,0.0,No official record
hiripitiya,False,Homagama,0.0,0.0,0.0,0.0,0.0,0.0,,0,15,0,0.0,No official record
mambulgoda,False,Homagama,0.0,0.0,0.0,0.0,0.0,0.0,,0,15,0,0.0,No official record
kithulhena,False,Homagama,0.0,0.0,0.0,0.0,0.0,0.0,,0,15,0,0.0,No official record
brahmanagama,False,Homagama,0.0,0.0,0.0,0.0,0.0,0.0,,0,15,0,0.0,No official record
deepangoda,False,Homagama,0.0,0.0,0.0,0.0,0.0,0.0,,0,15,0,0.0,No official record
prasannapura,False,Homagama,0.0,0.0,0.0,0.0,0.0,0.0,,0,15,0,0.0,No official record
suwapubudugama,False,Homagama,0.0,0.0,0.0,0.0,0.0,0.0,,0,15,0,0.0,No official record
dolahena,False,Homagama,0.0,0.0,0.0,0.0,0.0,0.0,,0,15,0,0.0,No official record
sangharama,False,Homagama,0.0,0.0,0.0,0.0,0.0,0.0,,0,15,0,0.0,No official record
moonamale - yakahaluwa,False,Homagama,0.0,0.0,0.0,0.0,0.0,0.0,,0,15,0,0.0,No official record
kithulavila,False,Homagama,0.0,0.0,0.0,0.0,0.0,0.0,,0,15,0,0.0,No official record
undurugoda,False,Homagama,0.0,0.0,0.0,0.0,0.0,0.0,,0,15,0,0.0,No official record
wethara,False,Homagama,0.0,0.0,0.0,0.0,0.0,0.0,,0,15,0,0.0,No official record
ambalangoda,False,Homagama,0.0,0.0,0.0,0.0,0.0,0.0,,0,15,0,0.0,No official record
heraliyawala,False,Homagama,0.0,0.0,0.0,0.0,0.0,0.0,,0,15,0,0.0,No official record
palagama,False,Homagama,0.0,0.0,0.0,0.0,0.0,0.0,,0,15,0,0.0,No official record
bollathawa,False,Seethawaka,1.0,0.0041,1.0,0.1883,1.0,0.7262,,0,26,2,0.7262,High
kanampella west,False,Seethawaka,1.0,0.0081,1.0,0.0151,1.0,0.518,,0,26,2,0.518,High
kanampella east,False,Seethawaka,1.0,0.0205,0.334,0.0014,1.0,0.1593,,0,26,2,0.1593,Medium
manakada,False,Seethawaka,1.0,0.0028,0.0,0.0,1.0,0.0803,,0,26,1,0.0803,Medium
eswatta north,False,Seethawaka,1.0,0.0011,0.0,0.0,1.0,0.1211,,0,26,1,0.1211,Medium
kiriwandala north,False,Seethawaka,0.1675,0.0,0.0,0.0,1.0,0.0,,0,26,0,0.0,Low
kudagama,False,Seethawaka,0.0,0.0,0.0,0.0,1.0,0.0,,0,26,0,0.0,Low
weralupitiya,False,Seethawaka,0.0,0.0,0.0,0.0,1.0,0.0,,0,26,0,0.0,Low
seethagama,False,Seethawaka,0.0,0.0,0.0,0.0,1.0,0.0,,0,26,0,0.0,Low
ukwatta,False,Seethawaka,0.0,0.0,0.0,0.0,1.0,0.0,,0,26,0,0.0,Low
agra pedesa,False,Seethawaka,0.0,0.0,0.0,0.0,1.0,0.0,,0,26,0,0.0,Low
eswatta south,False,Seethawaka,1.0,0.0,0.0,0.0,1.0,0.0,,0,26,0,0.0,Low
thawalgoda,False,Seethawaka,1.0,0.0,1.0,0.0,1.0,0.502,,0,26,1,0.502,High
muruthagama,False,Seethawaka,1.0,0.0,1.0,0.0,1.0,0.4766,,0,26,1,0.4766,High
akaravita,False,Seethawaka,1.0,0.0,1.0,0.0953,1.0,0.5405,,0,26,2,0.5405,High
kahatapitiya,False,Seethawaka,1.0,0.0012,1.0,0.1939,1.0,0.8675,,0,26,2,0.8675,High
salawa,False,Seethawaka,1.0,0.0,1.0,0.0,1.0,0.0601,,0,26,1,0.0601,Medium
miriswatta,False,Seethawaka,1.0,0.0,0.0,0.0,1.0,0.0,,0,26,0,0.0,Low
aluth ambalama,False,Seethawaka,1.0,0.0,0.0027,0.0,1.0,0.0,,0,26,0,0.0,Low
kiriwandala south,False,Seethawaka,0.0,0.0,0.0,0.0,1.0,0.0,,0,26,0,0.0,Low
kotahera,False,Seethawaka,0.0,0.0,0.0,0.0,1.0,0.0,,0,26,0,0.0,Low
aradhana kanda,False,Seethawaka,0.0,0.0,0.0,0.0,1.0,0.0,,0,26,0,0.0,Low
puwakpitiya south,False,Seethawaka,0.0,0.0,0.0,0.0,1.0,0.0,,0,26,0,0.0,Low
puwakpitiya,False,Seethawaka,0.0,0.0,0.0,0.0,1.0,0.0,,0,26,0,0.0,Low
egodagama,False,Seethawaka,0.0,0.0,0.0,0.0,1.0,0.0,,0,26,0,0.0,Low
weragolla north,False,Seethawaka,0.7702,0.0,0.0,0.0,1.0,0.0,,0,26,0,0.0,Low
hingurala,False,Seethawaka,1.0,0.0,0.0,0.0,1.0,0.0,,0,26,0,0.0,Low
kadugoda north,False,Seethawaka,1.0,0.0,0.6223,0.0,1.0,0.0,,0,26,0,0.0,Low
mawalgama,False,Seethawaka,1.0,0.0,1.0,0.0,1.0,0.0,,0,26,0,0.0,Low
suduwella,False,Seethawaka,1.0,0.0108,1.0,0.1946,1.0,0.3601,2010,1,26,4,0.3601,High
gira imbula,False,Seethawaka,1.0,0.2574,1.0,0.4247,1.0,0.97,,0,26,3,0.97,High
niripola,False,Seethawaka,1.0,0.1783,1.0,0.2714,1.0,0.231,,0,26,3,0.2714,High
brandigampala,False,Seethawaka,1.0,0.0787,1.0,0.2538,1.0,0.4134,,0,26,3,0.4134,High
kadugoda south,False,Seethawaka,1.0,0.0,0.4888,0.0,1.0,0.0,,0,26,0,0.0,Low
weragolla south,False,Seethawaka,0.033,0.0,0.0,0.0,1.0,0.0,,0,26,0,0.0,Low
digana,False,Seethawaka,0.6374,0.0,0.0,0.0,1.0,0.0,,0,26,0,0.0,Low
lahirugama,False,Seethawaka,1.0,0.0,0.0,0.0,1.0,0.0,,0,26,0,0.0,Low
mambula,False,Seethawaka,1.0,0.0,0.7453,0.0,1.0,0.0,,0,26,0,0.0,Low
welikanna,False,Seethawaka,1.0,0.0,0.4449,0.0,1.0,0.0,,0,26,0,0.0,Low
kahahena,False,Seethawaka,1.0,0.0,1.0,0.0,1.0,0.0,,0,26,0,0.0,Low
jayaweeragoda,False,Seethawaka,1.0,0.3286,1.0,0.5333,1.0,0.8754,,0,26,3,0.8754,High
koodaluvila,False,Seethawaka,1.0,0.0481,1.0,0.2149,1.0,0.3013,,0,26,3,0.3013,High
elamalawala,False,Seethawaka,1.0,0.0,0.9988,0.0,1.0,0.0,,0,26,0,0.0,Low
ilukovita,False,Seethawaka,1.0,0.0,0.0,0.0,1.0,0.0,,0,26,0,0.0,Low
pagngnagula,False,Seethawaka,0.9992,0.0,0.0,0.0,1.0,0.0,,0,26,0,0.0,Low
pelpola,False,Seethawaka,1.0,0.0,0.0198,0.0,1.0,0.0,,0,26,0,0.0,Low
kudakanda,False,Seethawaka,1.0,0.0,1.0,0.0,1.0,0.0101,,0,26,1,0.0101,Medium
mawathagama west,False,Seethawaka,1.0,0.0,1.0,0.1232,1.0,0.4652,,0,26,2,0.4652,High
mawathagama east,False,Seethawaka,1.0,0.0,1.0,0.0102,1.0,0.0151,,0,26,2,0.0151,Medium
pinnawala north,False,Padukka,1.0,0.0,1.0,0.0,1.0,0.0,,0,7,0,0.0,Low
pinnawala south,False,Padukka,1.0,0.0,1.0,0.0,1.0,0.0,,0,7,0,0.0,Low
waga north,False,Padukka,1.0,0.0,0.7729,0.0,1.0,0.0,,0,7,0,0.0,Low
waga east,False,Padukka,0.7074,0.0,0.2523,0.0,1.0,0.0,,0,7,0,0.0,Low
waga south,False,Padukka,0.1783,0.0,0.0,0.0,0.9713,0.0,,0,7,0,0.0,Low
siyambalawa,False,Padukka,0.0,0.0,0.0,0.0,0.8281,0.0,,0,7,0,0.0,Low
pahala bope,False,Padukka,0.0,0.0,0.0,0.0,0.9671,0.0,,0,7,0,0.0,Low
halpe,False,Padukka,0.0,0.0,0.078,0.0,1.0,0.0,,0,7,0,0.0,Low
waga west,False,Padukka,0.8498,0.0,0.9651,0.0,1.0,0.0,,0,7,0,0.0,Low
uggalla,False,Padukka,0.5486,0.0,0.8658,0.0,1.0,0.0,,0,7,0,0.0,Low
wewelpanawa,False,Padukka,1.0,0.0,1.0,0.0,1.0,0.0,,0,7,0,0.0,Low
pitumpe north,False,Padukka,0.5399,0.0,0.991,0.0,1.0,0.0,,0,7,0,0.0,Low
pitumpe south,False,Padukka,0.0,0.0,0.2537,0.0,1.0,0.0,,0,7,0,0.0,Low
galagedara east,False,Padukka,0.0842,0.0,0.3037,0.0,1.0,0.0728,,0,7,1,0.0728,Medium
galagedara north,False,Padukka,0.2995,0.0,0.8836,0.1429,1.0,0.3438,,0,7,2,0.3438,High
galagedara south,False,Padukka,0.0,0.0,0.0006,0.0,1.0,0.4542,,0,7,1,0.4542,High
arukwatta north,False,Padukka,0.0,0.0,0.0,0.0,1.0,0.0,,0,7,0,0.0,Low
arukwatta south,False,Padukka,0.0,0.0,0.0,0.0,1.0,0.0,,0,7,0,0.0,Low
angamuwa,False,Padukka,0.0,0.0,0.0,0.0,1.0,0.0034,,0,7,0,0.0034,Low
poregedara,False,Padukka,0.0,0.0,0.0,0.0,1.0,0.2899,,0,7,1,0.2899,High
liyanwala,False,Padukka,0.0,0.0,0.0,0.0,1.0,0.2161,,0,7,1,0.2161,Medium
kurugala,False,Padukka,0.0,0.0,0.0,0.0,1.0,0.0647,,0,7,1,0.0647,Medium
horakandawala,False,Padukka,0.0,0.0,0.0,0.0,0.7664,0.0,,0,7,0,0.0,Low
horagala west,False,Padukka,0.0,0.0,0.0,0.0,0.6936,0.0,,0,7,0,0.0,Low
horagala east,False,Padukka,0.0,0.0,0.0,0.0,1.0,0.0,,0,7,0,0.0,Low
beliattavila,False,Padukka,0.0,0.0,0.0,0.0,1.0,0.0,1993,1,7,1,0.0,Medium
miriyagalla,False,Padukka,0.0,0.0,0.0,0.0,0.9106,0.0,,0,7,0,0.0,Low
malagala,False,Padukka,0.0,0.0,0.0,0.0,0.1555,0.0,,0,7,0,0.0,No official record
kahawala,False,Padukka,0.0,0.0,0.0,0.0,0.0,0.0,,0,7,0,0.0,No official record
yatawathura,False,Padukka,0.0,0.0,0.0,0.0,0.0,0.0,,0,7,0,0.0,No official record
mahingala,False,Padukka,0.0,0.0,0.0,0.0,0.2733,0.0,,0,7,0,0.0,No official record
ihala bope,False,Padukka,0.0,0.0,0.0,0.0,0.5317,0.0,,0,7,0,0.0,Low
gurulana,False,Padukka,0.0,0.0,0.0,0.0,0.0009,0.0,,0,7,0,0.0,No official record
udagama,False,Padukka,0.0,0.0,0.0,0.0,0.5382,0.0,,0,7,0,0.0,Low
dambora,False,Padukka,0.0,0.0,0.0,0.0,0.897,0.0,,0,7,0,0.0,Low
pragathipura,False,Maharagama,1.0,0.0,1.0,0.0,1.0,0.0,,0,14,0,0.0,Low
dambahena,False,Maharagama,0.0,0.0,0.0879,0.0,1.0,0.0,,0,14,0,0.0,Low
godigamuwa south a,False,Maharagama,0.0,0.0,0.0,0.0,0.0,0.0,,0,14,0,0.0,No official record
godigamuwa south b,False,Maharagama,0.0,0.0,0.0,0.0,0.0,0.0,,0,14,0,0.0,No official record
godigamuwa north,False,Maharagama,0.0,0.0,0.0,0.0,0.0,0.0,,0,14,0,0.0,No official record
obeysekarapura,False,Sri Jayawardanapura Kotte,1.0,0.0,1.0,0.0,0.9928,0.0,2005 2010,2,43,2,0.0,Medium
welikada west,False,Sri Jayawardanapura Kotte,1.0,0.0,1.0,0.0,0.9994,0.0,2002 2010,2,43,2,0.0,Medium
welikada east,False,Sri Jayawardanapura Kotte,1.0,0.0,1.0,0.0,1.0,0.0,2002 2006 2010,3,43,3,0.0,High
welikada north,False,Sri Jayawardanapura Kotte,1.0,0.0,1.0,0.0,0.046,0.0,2002 2005 2006 2010,4,43,4,0.0,High
kollupitiya,False,Thimbirigasyaya,0.4789,0.0,1.0,0.0,0.0,0.0,,0,40,0,0.0,Low
kuppiyawatta west,False,Thimbirigasyaya,1.0,0.0,1.0,0.0,0.0716,0.0,2010,1,40,1,0.0,Medium
kuppiyawatta east,False,Thimbirigasyaya,1.0,0.0,1.0,0.0,0.7447,0.0,,0,40,0,0.0,Low
wanathamulla,False,Thimbirigasyaya,1.0,0.0,1.0,0.0,1.0,0.0,1977 1991 1992 1994 1999 2010,6,40,6,0.0,High
gothamipura,False,Thimbirigasyaya,1.0,0.0,1.0,0.0,0.2193,0.0,2010,1,40,1,0.0,Medium
thimbirigasyaya,False,Thimbirigasyaya,1.0,0.0,1.0,0.0,0.0,0.0,2010,1,40,1,0.0,Medium
milagiriya,False,Thimbirigasyaya,1.0,0.0,1.0,0.0,0.0,0.0,,0,40,0,0.0,Low
kirula,False,Thimbirigasyaya,1.0,0.0,1.0,0.0,0.0,0.0,1999 2010,2,40,2,0.0,Medium
pamankada west,False,Thimbirigasyaya,1.0,0.0,1.0,0.0,0.0,0.0,,0,40,0,0.0,Low
pamankada east,False,Thimbirigasyaya,1.0,0.0,1.0,0.0,0.0,0.0,,0,40,0,0.0,Low
vilawala,False,Dehiwala,1.0,0.0,1.0,0.0,0.0,0.0,,0,10,0,0.0,Low
hathbodhiya,False,Dehiwala,1.0,0.0,1.0,0.0,0.0,0.0,2010,1,10,1,0.0,Medium
jayathilaka,False,Dehiwala,0.0,0.0,0.0,0.0,0.0,0.0,,0,10,0,0.0,No official record
wathumulla,False,Ratmalana,0.0,0.0,0.0,0.0,0.0,0.0,,0,27,0,0.0,No official record
katukurunduwatta,False,Ratmalana,0.0,0.0,0.0,0.0,0.0,0.0,2005 2010,2,27,2,0.0,Medium
kandawala,False,Ratmalana,0.0,0.0,0.0,0.0,0.0,0.0,2004 2006 2007 2010,4,27,4,0.0,High
angulana north,False,Moratuwa,0.0,0.0,0.0,0.0,0.0,0.0,,0,20,0,0.0,No official record
soysapura north,False,Moratuwa,0.0,0.0,0.0,0.0,0.0,0.0,,0,20,0,0.0,No official record
soysapura south,False,Moratuwa,0.0,0.0,0.0,0.0,0.0,0.0,,0,20,0,0.0,No official record
dahampura,False,Moratuwa,0.0,0.0,0.0,0.0,0.0,0.0,2010,1,20,1,0.0,Medium
angulana south,False,Moratuwa,0.0,0.0,0.0,0.0,0.0,0.0,2003,1,20,1,0.0,Medium
rawathawatta south,False,Moratuwa,0.0,0.0,0.0,0.0,0.0,0.0,,0,20,0,0.0,No official record
rawathawatta east,False,Moratuwa,0.0,0.0,0.0,0.0,0.0,0.0,,0,20,0,0.0,No official record
kuduwamulla,False,Moratuwa,0.0,0.0,0.0,0.0,0.0,0.0,,0,20,0,0.0,No official record
moratumulla north,False,Moratuwa,0.0,0.0,0.0,0.0,0.0,0.0,1991,1,20,1,0.0,Medium
kadalana,False,Moratuwa,0.0,0.0,0.0,0.0,0.0,0.0,2005,1,20,1,0.0,Medium
rawathawatta west,False,Moratuwa,0.0,0.0,0.0,0.0,0.0,0.0,,0,20,0,0.0,No official record
uswatta,False,Moratuwa,0.0,0.0,0.0,0.0,0.0,0.0,,0,20,0,0.0,No official record
indibedda west,False,Moratuwa,0.0,0.0,0.0,0.0,0.0,0.0,,0,20,0,0.0,No official record
moratumulla east,False,Moratuwa,0.0,0.0,0.0,0.0,0.0,0.0,1991,1,20,1,0.0,Medium
moratumulla west,False,Moratuwa,0.0,0.0,0.0,0.0,0.0,0.0,1991,1,20,1,0.0,Medium
villorawatta east,False,Moratuwa,0.0,0.0,0.0,0.0,0.0,0.0,,0,20,0,0.0,No official record
villorawatta west,False,Moratuwa,0.0,0.0,0.0,0.0,0.0,0.0,2004,1,20,1,0.0,Medium
indibedda east,False,Moratuwa,0.0,0.0,0.0,0.0,0.0,0.0,2005,1,20,1,0.0,Medium
katukurunda north,False,Moratuwa,0.0,0.0,0.0,0.0,0.0,0.0,,0,20,0,0.0,No official record
katukurunda south,False,Moratuwa,0.0,0.0,0.0,0.0,0.0,0.0,,0,20,0,0.0,No official record
egoda uyana north,False,Moratuwa,0.0,0.0,0.0,0.0,0.0,0.0,2004 2010,2,20,2,0.0,Medium
egoda uyana central,False,Moratuwa,0.0,0.0,0.0,0.0,0.0,0.0,2004 2010,2,20,2,0.0,Medium
egoda uyana south,False,Moratuwa,0.0,0.0,0.0,0.0,0.0,0.0,2004 2010,2,20,2,0.0,Medium
vishwakalawa,False,Kesbewa,0.0,0.0,0.0,0.0,0.0,0.0,,0,17,0,0.0,No official record
niwanthidiya,False,Kesbewa,0.0,0.0,0.0,0.0,0.0,0.0,2010,1,17,1,0.0,Medium
erewwala west,False,Kesbewa,0.0,0.0,0.0,0.0,0.0,0.0,,0,17,0,0.0,No official record
erewwala north,False,Kesbewa,0.0,0.0,0.0,0.0,0.0,0.0,,0,17,0,0.0,No official record
erewwala east,False,Kesbewa,0.0,0.0,0.0,0.0,0.0,0.0,,0,17,0,0.0,No official record
bangalawatta,False,Kesbewa,0.0,0.0,0.0,0.0,0.0,0.0,,0,17,0,0.0,No official record
pelenwatta east,False,Kesbewa,0.0,0.0,0.0,0.0,0.0,0.0,,0,17,0,0.0,No official record
pelenwatta north,False,Kesbewa,0.0,0.0,0.0,0.0,0.0,0.0,,0,17,0,0.0,No official record
pelenwatta west,False,Kesbewa,0.0,0.0,0.0,0.0,0.0,0.0,,0,17,0,0.0,No official record
kaliyammahara,False,Kesbewa,0.0,0.0,0.0,0.0,0.0,0.0,,0,17,0,0.0,No official record
mampe north,False,Kesbewa,0.0,0.0,0.0,0.0,0.0,0.0,,0,17,0,0.0,No official record
nampamunuwa,False,Kesbewa,0.0,0.0,0.0,0.0,0.0,0.0,,0,17,0,0.0,No official record
mavittara north,False,Kesbewa,0.0,0.0,0.0,0.0,0.0,0.0,,0,17,0,0.0,No official record
mampe east,False,Kesbewa,0.0,0.0,0.0,0.0,0.0,0.0,,0,17,0,0.0,No official record
bodhirajapura,False,Kesbewa,0.0,0.0,0.0,0.0,0.0,0.0,,0,17,0,0.0,No official record
mampe west,False,Kesbewa,0.0,0.0,0.0,0.0,0.0,0.0,,0,17,0,0.0,No official record
mampe south,False,Kesbewa,0.0,0.0,0.0,0.0,0.0,0.0,,0,17,0,0.0,No official record
hedigama,False,Kesbewa,0.0,0.0,0.0,0.0,0.0,0.0,,0,17,0,0.0,No official record
mavittara south,False,Kesbewa,0.0,0.0,0.0,0.0,0.0,0.0,,0,17,0,0.0,No official record
makandana east,False,Kesbewa,0.0,0.0,0.0,0.0,0.0,0.0,,0,17,0,0.0,No official record
delthara west,False,Kesbewa,0.0,0.0,0.0,0.0,0.0,0.0,,0,17,0,0.0,No official record
delthara east,False,Kesbewa,0.0,0.0,0.0,0.0,0.0,0.0,,0,17,0,0.0,No official record
makandana west,False,Kesbewa,0.0,0.0,0.0,0.0,0.0,0.0,,0,17,0,0.0,No official record
nivungama,False,Kesbewa,0.0,0.0,0.0,0.0,0.0,0.0,,0,17,0,0.0,No official record
horathuduwa,False,Kesbewa,0.0,0.0,0.0,0.0,0.0,0.0,,0,17,0,0.0,No official record
morenda,False,Kesbewa,0.0,0.0,0.0,0.0,0.0,0.0,,0,17,0,0.0,No official record
batuwandara north,False,Kesbewa,0.0,0.0,0.0,0.0,0.0,0.0,,0,17,0,0.0,No official record
batuwandara south,False,Kesbewa,0.0,0.0,0.0,0.0,0.0,0.0,,0,17,0,0.0,No official record
jamburaliya,False,Kesbewa,0.0,0.0,0.0,0.0,0.0,0.0,,0,17,0,0.0,No official record
polhena,False,Kesbewa,0.0,0.0,0.0,0.0,0.0,0.0,,0,17,0,0.0,No official record
regidel watta,False,Kesbewa,0.0,0.0,0.0,0.0,0.0,0.0,,0,17,0,0.0,No official record
